ordner,dateiname,typ,url
"(root)","ID.html","html","https://raw.githubusercontent.com/iki1uc/BOOM/main/ID.html"
"(root)","README.md","md","https://raw.githubusercontent.com/iki1uc/BOOM/main/README.md"
"(root)","binhierfalsch.html","html","https://raw.githubusercontent.com/iki1uc/BOOM/main/binhierfalsch.html"
"(root)","index.html","html","https://raw.githubusercontent.com/iki1uc/BOOM/main/index.html"
"(root)","indie.html","html","https://raw.githubusercontent.com/iki1uc/BOOM/main/indie.html"
"2me","ID.html","html","https://raw.githubusercontent.com/iki1uc/BOOM/main/2me/ID.html"
"2me","README.md","md","https://raw.githubusercontent.com/iki1uc/BOOM/main/2me/README.md"
"2me","index.html","html","https://raw.githubusercontent.com/iki1uc/BOOM/main/2me/index.html"
"4X","4-re-6e-6.csv","csv","https://raw.githubusercontent.com/iki1uc/BOOM/main/4X/4-re-6e-6.csv"
"4X","4e-re-6e-6 (1) - Kopie.csv","csv","https://raw.githubusercontent.com/iki1uc/BOOM/main/4X/4e-re-6e-6%20(1)%20-%20Kopie.csv"
"4X","4e-re-6e-6 (1).csv","csv","https://raw.githubusercontent.com/iki1uc/BOOM/main/4X/4e-re-6e-6%20(1).csv"
"4X","4e-re-6e-6 (2) - Kopie - Kopie.csv","csv","https://raw.githubusercontent.com/iki1uc/BOOM/main/4X/4e-re-6e-6%20(2)%20-%20Kopie%20-%20Kopie.csv"
"4X","4e-re-6e-6 (2) - Kopie.csv","csv","https://raw.githubusercontent.com/iki1uc/BOOM/main/4X/4e-re-6e-6%20(2)%20-%20Kopie.csv"
"4X","4e-re-6e-6 - Kopie (2) - Kopie.csv","csv","https://raw.githubusercontent.com/iki1uc/BOOM/main/4X/4e-re-6e-6%20-%20Kopie%20(2)%20-%20Kopie.csv"
"4X","4e-re-6e-6 - Kopie (2).csv","csv","https://raw.githubusercontent.com/iki1uc/BOOM/main/4X/4e-re-6e-6%20-%20Kopie%20(2).csv"
"4X","4e-re-6e-6 - Kopie.csv","csv","https://raw.githubusercontent.com/iki1uc/BOOM/main/4X/4e-re-6e-6%20-%20Kopie.csv"
"4X","4e-re-6e-6.csv","csv","https://raw.githubusercontent.com/iki1uc/BOOM/main/4X/4e-re-6e-6.csv"
"4X","4x.md","md","https://raw.githubusercontent.com/iki1uc/BOOM/main/4X/4x.md"
"4X","6d-achse-gesetz-6 - Kopie - Kopie.csv","csv","https://raw.githubusercontent.com/iki1uc/BOOM/main/4X/6d-achse-gesetz-6%20-%20Kopie%20-%20Kopie.csv"
"4X","6d-achse-gesetz-6 - Kopie.csv","csv","https://raw.githubusercontent.com/iki1uc/BOOM/main/4X/6d-achse-gesetz-6%20-%20Kopie.csv"
"4X","6d-achse-gesetz-6.csv","csv","https://raw.githubusercontent.com/iki1uc/BOOM/main/4X/6d-achse-gesetz-6.csv"
"4X","6d-achse-gesetz-narrativ-6 - Kopie - Kopie.csv","csv","https://raw.githubusercontent.com/iki1uc/BOOM/main/4X/6d-achse-gesetz-narrativ-6%20-%20Kopie%20-%20Kopie.csv"
"4X","6d-achse-gesetz-narrativ-6 - Kopie.csv","csv","https://raw.githubusercontent.com/iki1uc/BOOM/main/4X/6d-achse-gesetz-narrativ-6%20-%20Kopie.csv"
"4X","6d-achse-gesetz-narrativ-6.csv","csv","https://raw.githubusercontent.com/iki1uc/BOOM/main/4X/6d-achse-gesetz-narrativ-6.csv"
"4X","6e-achse-element-6 - Kopie - Kopie.csv","csv","https://raw.githubusercontent.com/iki1uc/BOOM/main/4X/6e-achse-element-6%20-%20Kopie%20-%20Kopie.csv"
"4X","6e-achse-element-6 - Kopie.csv","csv","https://raw.githubusercontent.com/iki1uc/BOOM/main/4X/6e-achse-element-6%20-%20Kopie.csv"
"4X","6e-achse-element-6.csv","csv","https://raw.githubusercontent.com/iki1uc/BOOM/main/4X/6e-achse-element-6.csv"
"4X","6e-achse-element-narrativ-6 - Kopie (2) - Kopie.csv","csv","https://raw.githubusercontent.com/iki1uc/BOOM/main/4X/6e-achse-element-narrativ-6%20-%20Kopie%20(2)%20-%20Kopie.csv"
"4X","6e-achse-element-narrativ-6 - Kopie (2).csv","csv","https://raw.githubusercontent.com/iki1uc/BOOM/main/4X/6e-achse-element-narrativ-6%20-%20Kopie%20(2).csv"
"4X","6e-achse-element-narrativ-6 - Kopie.csv","csv","https://raw.githubusercontent.com/iki1uc/BOOM/main/4X/6e-achse-element-narrativ-6%20-%20Kopie.csv"
"4X","6e-achse-element-narrativ-6.csv","csv","https://raw.githubusercontent.com/iki1uc/BOOM/main/4X/6e-achse-element-narrativ-6.csv"
"4X","6e-energie-6d-geometrie-11 (1).csv","csv","https://raw.githubusercontent.com/iki1uc/BOOM/main/4X/6e-energie-6d-geometrie-11%20(1).csv"
"4X","6e-energie-6d-geometrie-11 (2).csv","csv","https://raw.githubusercontent.com/iki1uc/BOOM/main/4X/6e-energie-6d-geometrie-11%20(2).csv"
"4X","6e-energie-6d-geometrie-11 (3).csv","csv","https://raw.githubusercontent.com/iki1uc/BOOM/main/4X/6e-energie-6d-geometrie-11%20(3).csv"
"4X","6e-energie-6d-geometrie-11 (4).csv","csv","https://raw.githubusercontent.com/iki1uc/BOOM/main/4X/6e-energie-6d-geometrie-11%20(4).csv"
"4X","6e-energie-6d-geometrie-11.csv","csv","https://raw.githubusercontent.com/iki1uc/BOOM/main/4X/6e-energie-6d-geometrie-11.csv"
"4X","7e-kopplung-6 - Kopie (2) - Kopie.csv","csv","https://raw.githubusercontent.com/iki1uc/BOOM/main/4X/7e-kopplung-6%20-%20Kopie%20(2)%20-%20Kopie.csv"
"4X","7e-kopplung-6 - Kopie (2).csv","csv","https://raw.githubusercontent.com/iki1uc/BOOM/main/4X/7e-kopplung-6%20-%20Kopie%20(2).csv"
"4X","7e-kopplung-6 - Kopie.csv","csv","https://raw.githubusercontent.com/iki1uc/BOOM/main/4X/7e-kopplung-6%20-%20Kopie.csv"
"4X","7e-kopplung-6.csv","csv","https://raw.githubusercontent.com/iki1uc/BOOM/main/4X/7e-kopplung-6.csv"
"4X","achse-bedeutung-1 (1).csv","csv","https://raw.githubusercontent.com/iki1uc/BOOM/main/4X/achse-bedeutung-1%20(1).csv"
"4X","achse-bedeutung-1.csv","csv","https://raw.githubusercontent.com/iki1uc/BOOM/main/4X/achse-bedeutung-1.csv"
"4X","achse-bedeutung-15.csv","csv","https://raw.githubusercontent.com/iki1uc/BOOM/main/4X/achse-bedeutung-15.csv"
"4X","achse-bedeutung-2.csv","csv","https://raw.githubusercontent.com/iki1uc/BOOM/main/4X/achse-bedeutung-2.csv"
"4X","achse-bedeutung-3.csv","csv","https://raw.githubusercontent.com/iki1uc/BOOM/main/4X/achse-bedeutung-3.csv"
"4X","achse-bedeutung-4 (1).csv","csv","https://raw.githubusercontent.com/iki1uc/BOOM/main/4X/achse-bedeutung-4%20(1).csv"
"4X","achse-bedeutung-4 - Kopie - Kopie.csv","csv","https://raw.githubusercontent.com/iki1uc/BOOM/main/4X/achse-bedeutung-4%20-%20Kopie%20-%20Kopie.csv"
"4X","achse-bedeutung-4 - Kopie.csv","csv","https://raw.githubusercontent.com/iki1uc/BOOM/main/4X/achse-bedeutung-4%20-%20Kopie.csv"
"4X","achse-bedeutung-4.csv","csv","https://raw.githubusercontent.com/iki1uc/BOOM/main/4X/achse-bedeutung-4.csv"
"4X","achse-bedeutung-6.csv","csv","https://raw.githubusercontent.com/iki1uc/BOOM/main/4X/achse-bedeutung-6.csv"
"4X","achse-bedeutung-8.csv","csv","https://raw.githubusercontent.com/iki1uc/BOOM/main/4X/achse-bedeutung-8.csv"
"4X","achse-beschreibung-13.csv","csv","https://raw.githubusercontent.com/iki1uc/BOOM/main/4X/achse-beschreibung-13.csv"
"4X","achse-datei-9.csv","csv","https://raw.githubusercontent.com/iki1uc/BOOM/main/4X/achse-datei-9.csv"
"4X","achse-dateien-9.csv","csv","https://raw.githubusercontent.com/iki1uc/BOOM/main/4X/achse-dateien-9.csv"
"4X","achse-funktion-3.csv","csv","https://raw.githubusercontent.com/iki1uc/BOOM/main/4X/achse-funktion-3.csv"
"4X","achse-ist-6 (1).csv","csv","https://raw.githubusercontent.com/iki1uc/BOOM/main/4X/achse-ist-6%20(1).csv"
"4X","achse-ist-6.csv","csv","https://raw.githubusercontent.com/iki1uc/BOOM/main/4X/achse-ist-6.csv"
"4X","achse-quelle-12.csv","csv","https://raw.githubusercontent.com/iki1uc/BOOM/main/4X/achse-quelle-12.csv"
"4X","achse-repo-5 (1).csv","csv","https://raw.githubusercontent.com/iki1uc/BOOM/main/4X/achse-repo-5%20(1).csv"
"4X","achse-repo-5 - Kopie - Kopie.csv","csv","https://raw.githubusercontent.com/iki1uc/BOOM/main/4X/achse-repo-5%20-%20Kopie%20-%20Kopie.csv"
"4X","achse-repo-5 - Kopie.csv","csv","https://raw.githubusercontent.com/iki1uc/BOOM/main/4X/achse-repo-5%20-%20Kopie.csv"
"4X","achse-repo-5.csv","csv","https://raw.githubusercontent.com/iki1uc/BOOM/main/4X/achse-repo-5.csv"
"4X","achse-status-7.csv","csv","https://raw.githubusercontent.com/iki1uc/BOOM/main/4X/achse-status-7.csv"
"4X","achse-typ-10 (1).csv","csv","https://raw.githubusercontent.com/iki1uc/BOOM/main/4X/achse-typ-10%20(1).csv"
"4X","achse-typ-10 (2).csv","csv","https://raw.githubusercontent.com/iki1uc/BOOM/main/4X/achse-typ-10%20(2).csv"
"4X","achse-typ-10.csv","csv","https://raw.githubusercontent.com/iki1uc/BOOM/main/4X/achse-typ-10.csv"
"4X","achse-wert-5 - Kopie.csv","csv","https://raw.githubusercontent.com/iki1uc/BOOM/main/4X/achse-wert-5%20-%20Kopie.csv"
"4X","achse-wert-5.csv","csv","https://raw.githubusercontent.com/iki1uc/BOOM/main/4X/achse-wert-5.csv"
"4X","achse-wert-6.csv","csv","https://raw.githubusercontent.com/iki1uc/BOOM/main/4X/achse-wert-6.csv"
"4X","alte-9-narrativ-neue-9-real-time-9.csv","csv","https://raw.githubusercontent.com/iki1uc/BOOM/main/4X/alte-9-narrativ-neue-9-real-time-9.csv"
"4X","alter-whirl-core-neuer-whirl-core-7.csv","csv","https://raw.githubusercontent.com/iki1uc/BOOM/main/4X/alter-whirl-core-neuer-whirl-core-7.csv"
"4X","aspekt-dein-shader-5.csv","csv","https://raw.githubusercontent.com/iki1uc/BOOM/main/4X/aspekt-dein-shader-5.csv"
"4X","axiom-bedeutung-4.csv","csv","https://raw.githubusercontent.com/iki1uc/BOOM/main/4X/axiom-bedeutung-4.csv"
"4X","axiom-hardware-6.csv","csv","https://raw.githubusercontent.com/iki1uc/BOOM/main/4X/axiom-hardware-6.csv"
"4X","axiom-rolle-6.csv","csv","https://raw.githubusercontent.com/iki1uc/BOOM/main/4X/axiom-rolle-6.csv"
"4X","axiom-wert-6 (1).csv","csv","https://raw.githubusercontent.com/iki1uc/BOOM/main/4X/axiom-wert-6%20(1).csv"
"4X","axiom-wert-6 (2).csv","csv","https://raw.githubusercontent.com/iki1uc/BOOM/main/4X/axiom-wert-6%20(2).csv"
"4X","axiom-wert-6.csv","csv","https://raw.githubusercontent.com/iki1uc/BOOM/main/4X/axiom-wert-6.csv"
"4X","bereich-ist-6 (1).csv","csv","https://raw.githubusercontent.com/iki1uc/BOOM/main/4X/bereich-ist-6%20(1).csv"
"4X","bereich-ist-6.csv","csv","https://raw.githubusercontent.com/iki1uc/BOOM/main/4X/bereich-ist-6.csv"
"4X","bereich-messbar-3 (1).csv","csv","https://raw.githubusercontent.com/iki1uc/BOOM/main/4X/bereich-messbar-3%20(1).csv"
"4X","bereich-messbar-3 (2).csv","csv","https://raw.githubusercontent.com/iki1uc/BOOM/main/4X/bereich-messbar-3%20(2).csv"
"4X","bereich-messbar-3 (3).csv","csv","https://raw.githubusercontent.com/iki1uc/BOOM/main/4X/bereich-messbar-3%20(3).csv"
"4X","bereich-messbar-3.csv","csv","https://raw.githubusercontent.com/iki1uc/BOOM/main/4X/bereich-messbar-3.csv"
"4X","bereich-muss-enthalten-8.csv","csv","https://raw.githubusercontent.com/iki1uc/BOOM/main/4X/bereich-muss-enthalten-8.csv"
"4X","bereich-zweck-4.csv","csv","https://raw.githubusercontent.com/iki1uc/BOOM/main/4X/bereich-zweck-4.csv"
"4X","bus-gruppe-6.csv","csv","https://raw.githubusercontent.com/iki1uc/BOOM/main/4X/bus-gruppe-6.csv"
"4X","container-zweck-4.csv","csv","https://raw.githubusercontent.com/iki1uc/BOOM/main/4X/container-zweck-4.csv"
"4X","datei-atom-5.csv","csv","https://raw.githubusercontent.com/iki1uc/BOOM/main/4X/datei-atom-5.csv"
"4X","datei-aufgabe-14 - Kopie - Kopie.csv","csv","https://raw.githubusercontent.com/iki1uc/BOOM/main/4X/datei-aufgabe-14%20-%20Kopie%20-%20Kopie.csv"
"4X","datei-aufgabe-14 - Kopie.csv","csv","https://raw.githubusercontent.com/iki1uc/BOOM/main/4X/datei-aufgabe-14%20-%20Kopie.csv"
"4X","datei-aufgabe-4.csv","csv","https://raw.githubusercontent.com/iki1uc/BOOM/main/4X/datei-aufgabe-4.csv"
"4u","4u.html","html","https://raw.githubusercontent.com/iki1uc/BOOM/main/4u/4u.html"
"4u","EDITport.html","html","https://raw.githubusercontent.com/iki1uc/BOOM/main/4u/EDITport.html"
"4u","EXport.html","html","https://raw.githubusercontent.com/iki1uc/BOOM/main/4u/EXport.html"
"4u","ID.html","html","https://raw.githubusercontent.com/iki1uc/BOOM/main/4u/ID.html"
"4u","IMport.html","html","https://raw.githubusercontent.com/iki1uc/BOOM/main/4u/IMport.html"
"4u","README.md","md","https://raw.githubusercontent.com/iki1uc/BOOM/main/4u/README.md"
"4u","index.html","html","https://raw.githubusercontent.com/iki1uc/BOOM/main/4u/index.html"
"API","6E→6D.tech","tech","https://raw.githubusercontent.com/iki1uc/BOOM/main/API/6E→6D.tech"
"API","API.ghost.js","js","https://raw.githubusercontent.com/iki1uc/BOOM/main/API/API.ghost.js"
"API","API.raw","raw","https://raw.githubusercontent.com/iki1uc/BOOM/main/API/API.raw"
"API","API.system.js","js","https://raw.githubusercontent.com/iki1uc/BOOM/main/API/API.system.js"
"API","API‑6E→6D.tech‑Engine.html","html","https://raw.githubusercontent.com/iki1uc/BOOM/main/API/API‑6E→6D.tech‑Engine.html"
"API","API‑Fusion‑Matrix.html","html","https://raw.githubusercontent.com/iki1uc/BOOM/main/API/API‑Fusion‑Matrix.html"
"API","API‑Meta‑Drift‑Monitor6D.html","html","https://raw.githubusercontent.com/iki1uc/BOOM/main/API/API‑Meta‑Drift‑Monitor6D.html"
"API","API‑NC²□.sync‑Visualizer.html","html","https://raw.githubusercontent.com/iki1uc/BOOM/main/API/API‑NC²□.sync‑Visualizer.html"
"API","ID.html","html","https://raw.githubusercontent.com/iki1uc/BOOM/main/API/ID.html"
"API","Meta‑Drift.html","html","https://raw.githubusercontent.com/iki1uc/BOOM/main/API/Meta‑Drift.html"
"API","README.md","md","https://raw.githubusercontent.com/iki1uc/BOOM/main/API/README.md"
"API","Visualizer.html","html","https://raw.githubusercontent.com/iki1uc/BOOM/main/API/Visualizer.html"
"API","index.html","html","https://raw.githubusercontent.com/iki1uc/BOOM/main/API/index.html"
"API","verify.html","html","https://raw.githubusercontent.com/iki1uc/BOOM/main/API/verify.html"
"D","d-bedeutung-6 - Kopie.csv","csv","https://raw.githubusercontent.com/iki1uc/BOOM/main/D/d-bedeutung-6%20-%20Kopie.csv"
"D","d-bedeutung-6.csv","csv","https://raw.githubusercontent.com/iki1uc/BOOM/main/D/d-bedeutung-6.csv"
"D","d-index-name-19.csv","csv","https://raw.githubusercontent.com/iki1uc/BOOM/main/D/d-index-name-19.csv"
"D","d.md","md","https://raw.githubusercontent.com/iki1uc/BOOM/main/D/d.md"
"D","datei-aufgabe-14.csv","csv","https://raw.githubusercontent.com/iki1uc/BOOM/main/D/datei-aufgabe-14.csv"
"D","datei-bedeutung-5.csv","csv","https://raw.githubusercontent.com/iki1uc/BOOM/main/D/datei-bedeutung-5.csv"
"D","datei-bedeutung-6.csv","csv","https://raw.githubusercontent.com/iki1uc/BOOM/main/D/datei-bedeutung-6.csv"
"D","datei-bedeutung-7.csv","csv","https://raw.githubusercontent.com/iki1uc/BOOM/main/D/datei-bedeutung-7.csv"
"D","datei-bedeutung-8.csv","csv","https://raw.githubusercontent.com/iki1uc/BOOM/main/D/datei-bedeutung-8.csv"
"D","datei-deck-1 (1).csv","csv","https://raw.githubusercontent.com/iki1uc/BOOM/main/D/datei-deck-1%20(1).csv"
"D","datei-deck-1 (10).csv","csv","https://raw.githubusercontent.com/iki1uc/BOOM/main/D/datei-deck-1%20(10).csv"
"D","datei-deck-1 (2).csv","csv","https://raw.githubusercontent.com/iki1uc/BOOM/main/D/datei-deck-1%20(2).csv"
"D","datei-deck-1 (3).csv","csv","https://raw.githubusercontent.com/iki1uc/BOOM/main/D/datei-deck-1%20(3).csv"
"D","datei-deck-1 (4).csv","csv","https://raw.githubusercontent.com/iki1uc/BOOM/main/D/datei-deck-1%20(4).csv"
"D","datei-deck-1 (5).csv","csv","https://raw.githubusercontent.com/iki1uc/BOOM/main/D/datei-deck-1%20(5).csv"
"D","datei-deck-1 (6).csv","csv","https://raw.githubusercontent.com/iki1uc/BOOM/main/D/datei-deck-1%20(6).csv"
"D","datei-deck-1 (7).csv","csv","https://raw.githubusercontent.com/iki1uc/BOOM/main/D/datei-deck-1%20(7).csv"
"D","datei-deck-1 (8).csv","csv","https://raw.githubusercontent.com/iki1uc/BOOM/main/D/datei-deck-1%20(8).csv"
"D","datei-deck-1 (9).csv","csv","https://raw.githubusercontent.com/iki1uc/BOOM/main/D/datei-deck-1%20(9).csv"
"D","datei-deck-1.csv","csv","https://raw.githubusercontent.com/iki1uc/BOOM/main/D/datei-deck-1.csv"
"D","datei-ebene-9.csv","csv","https://raw.githubusercontent.com/iki1uc/BOOM/main/D/datei-ebene-9.csv"
"D","datei-funktion-7.csv","csv","https://raw.githubusercontent.com/iki1uc/BOOM/main/D/datei-funktion-7.csv"
"D","datei-funktion-8.csv","csv","https://raw.githubusercontent.com/iki1uc/BOOM/main/D/datei-funktion-8.csv"
"D","datei-funktion-9 (1).csv","csv","https://raw.githubusercontent.com/iki1uc/BOOM/main/D/datei-funktion-9%20(1).csv"
"D","datei-funktion-9.csv","csv","https://raw.githubusercontent.com/iki1uc/BOOM/main/D/datei-funktion-9.csv"
"D","datei-grund-16.csv","csv","https://raw.githubusercontent.com/iki1uc/BOOM/main/D/datei-grund-16.csv"
"D","datei-grund-22.csv","csv","https://raw.githubusercontent.com/iki1uc/BOOM/main/D/datei-grund-22.csv"
"D","datei-hardware-form-5.csv","csv","https://raw.githubusercontent.com/iki1uc/BOOM/main/D/datei-hardware-form-5.csv"
"D","datei-hardware-form-9 (1) (1).csv","csv","https://raw.githubusercontent.com/iki1uc/BOOM/main/D/datei-hardware-form-9%20(1)%20(1).csv"
"D","datei-hardware-form-9 (1).csv","csv","https://raw.githubusercontent.com/iki1uc/BOOM/main/D/datei-hardware-form-9%20(1).csv"
"D","datei-hardware-form-9.csv","csv","https://raw.githubusercontent.com/iki1uc/BOOM/main/D/datei-hardware-form-9.csv"
"D","datei-inhalt-10.csv","csv","https://raw.githubusercontent.com/iki1uc/BOOM/main/D/datei-inhalt-10.csv"
"D","datei-inhalt-6.csv","csv","https://raw.githubusercontent.com/iki1uc/BOOM/main/D/datei-inhalt-6.csv"
"D","datei-name-6.csv","csv","https://raw.githubusercontent.com/iki1uc/BOOM/main/D/datei-name-6.csv"
"D","datei-neuer-name-9.csv","csv","https://raw.githubusercontent.com/iki1uc/BOOM/main/D/datei-neuer-name-9.csv"
"D","datei-qi-13.csv","csv","https://raw.githubusercontent.com/iki1uc/BOOM/main/D/datei-qi-13.csv"
"D","datei-zweck-14.csv","csv","https://raw.githubusercontent.com/iki1uc/BOOM/main/D/datei-zweck-14.csv"
"D","datei-zweck-7.csv","csv","https://raw.githubusercontent.com/iki1uc/BOOM/main/D/datei-zweck-7.csv"
"D","daten-pool-st-rke-7.csv","csv","https://raw.githubusercontent.com/iki1uc/BOOM/main/D/daten-pool-st-rke-7.csv"
"D","dimension-bedeutung-3.csv","csv","https://raw.githubusercontent.com/iki1uc/BOOM/main/D/dimension-bedeutung-3.csv"
"D","dimension-bedeutung-4.csv","csv","https://raw.githubusercontent.com/iki1uc/BOOM/main/D/dimension-bedeutung-4.csv"
"D","dimension-bedeutung-6 (1).csv","csv","https://raw.githubusercontent.com/iki1uc/BOOM/main/D/dimension-bedeutung-6%20(1).csv"
"D","dimension-bedeutung-6 (2).csv","csv","https://raw.githubusercontent.com/iki1uc/BOOM/main/D/dimension-bedeutung-6%20(2).csv"
"D","dimension-bedeutung-6 (3) - Kopie - Kopie.csv","csv","https://raw.githubusercontent.com/iki1uc/BOOM/main/D/dimension-bedeutung-6%20(3)%20-%20Kopie%20-%20Kopie.csv"
"D","dimension-bedeutung-6 (3) - Kopie.csv","csv","https://raw.githubusercontent.com/iki1uc/BOOM/main/D/dimension-bedeutung-6%20(3)%20-%20Kopie.csv"
"D","dimension-bedeutung-6 (3).csv","csv","https://raw.githubusercontent.com/iki1uc/BOOM/main/D/dimension-bedeutung-6%20(3).csv"
"D","dimension-bedeutung-6 (4) - Kopie - Kopie.csv","csv","https://raw.githubusercontent.com/iki1uc/BOOM/main/D/dimension-bedeutung-6%20(4)%20-%20Kopie%20-%20Kopie.csv"
"D","dimension-bedeutung-6 (4) - Kopie.csv","csv","https://raw.githubusercontent.com/iki1uc/BOOM/main/D/dimension-bedeutung-6%20(4)%20-%20Kopie.csv"
"D","dimension-bedeutung-6 (4).csv","csv","https://raw.githubusercontent.com/iki1uc/BOOM/main/D/dimension-bedeutung-6%20(4).csv"
"D","dimension-bedeutung-6 (5) - Kopie - Kopie.csv","csv","https://raw.githubusercontent.com/iki1uc/BOOM/main/D/dimension-bedeutung-6%20(5)%20-%20Kopie%20-%20Kopie.csv"
"D","dimension-bedeutung-6 (5) - Kopie.csv","csv","https://raw.githubusercontent.com/iki1uc/BOOM/main/D/dimension-bedeutung-6%20(5)%20-%20Kopie.csv"
"D","dimension-bedeutung-6 (5).csv","csv","https://raw.githubusercontent.com/iki1uc/BOOM/main/D/dimension-bedeutung-6%20(5).csv"
"D","dimension-bedeutung-6 (6) - Kopie - Kopie.csv","csv","https://raw.githubusercontent.com/iki1uc/BOOM/main/D/dimension-bedeutung-6%20(6)%20-%20Kopie%20-%20Kopie.csv"
"D","dimension-bedeutung-6 (6) - Kopie.csv","csv","https://raw.githubusercontent.com/iki1uc/BOOM/main/D/dimension-bedeutung-6%20(6)%20-%20Kopie.csv"
"D","dimension-bedeutung-6 (6).csv","csv","https://raw.githubusercontent.com/iki1uc/BOOM/main/D/dimension-bedeutung-6%20(6).csv"
"D","dimension-bedeutung-6 (7) - Kopie.csv","csv","https://raw.githubusercontent.com/iki1uc/BOOM/main/D/dimension-bedeutung-6%20(7)%20-%20Kopie.csv"
"D","dimension-bedeutung-6.csv","csv","https://raw.githubusercontent.com/iki1uc/BOOM/main/D/dimension-bedeutung-6.csv"
"D","dimension-shader-modulation-19 (1).csv","csv","https://raw.githubusercontent.com/iki1uc/BOOM/main/D/dimension-shader-modulation-19%20(1).csv"
"D","dimension-shader-modulation-19.csv","csv","https://raw.githubusercontent.com/iki1uc/BOOM/main/D/dimension-shader-modulation-19.csv"
"D","dimension-wirkung-5.csv","csv","https://raw.githubusercontent.com/iki1uc/BOOM/main/D/dimension-wirkung-5.csv"
"D","dreieck-1.csv","csv","https://raw.githubusercontent.com/iki1uc/BOOM/main/D/dreieck-1.csv"
"D","ebene-bedeutung-13 (1) - Kopie - Kopie.csv","csv","https://raw.githubusercontent.com/iki1uc/BOOM/main/D/ebene-bedeutung-13%20(1)%20-%20Kopie%20-%20Kopie.csv"
"D","ebene-bedeutung-13 (1) - Kopie.csv","csv","https://raw.githubusercontent.com/iki1uc/BOOM/main/D/ebene-bedeutung-13%20(1)%20-%20Kopie.csv"
"D","ebene-bedeutung-13 (1).csv","csv","https://raw.githubusercontent.com/iki1uc/BOOM/main/D/ebene-bedeutung-13%20(1).csv"
"D","ebene-bedeutung-13 (2) - Kopie - Kopie.csv","csv","https://raw.githubusercontent.com/iki1uc/BOOM/main/D/ebene-bedeutung-13%20(2)%20-%20Kopie%20-%20Kopie.csv"
"D","ebene-bedeutung-13 (2) - Kopie.csv","csv","https://raw.githubusercontent.com/iki1uc/BOOM/main/D/ebene-bedeutung-13%20(2)%20-%20Kopie.csv"
"D","ebene-bedeutung-13 (2).csv","csv","https://raw.githubusercontent.com/iki1uc/BOOM/main/D/ebene-bedeutung-13%20(2).csv"
"D","ebene-bedeutung-13 - Kopie.csv","csv","https://raw.githubusercontent.com/iki1uc/BOOM/main/D/ebene-bedeutung-13%20-%20Kopie.csv"
"D","ebene-bedeutung-3 (1) - Kopie - Kopie.csv","csv","https://raw.githubusercontent.com/iki1uc/BOOM/main/D/ebene-bedeutung-3%20(1)%20-%20Kopie%20-%20Kopie.csv"
"D","ebene-bedeutung-3 (1) - Kopie.csv","csv","https://raw.githubusercontent.com/iki1uc/BOOM/main/D/ebene-bedeutung-3%20(1)%20-%20Kopie.csv"
"D","ebene-bedeutung-3 (1).csv","csv","https://raw.githubusercontent.com/iki1uc/BOOM/main/D/ebene-bedeutung-3%20(1).csv"
"D","ebene-bedeutung-3 (2) - Kopie - Kopie.csv","csv","https://raw.githubusercontent.com/iki1uc/BOOM/main/D/ebene-bedeutung-3%20(2)%20-%20Kopie%20-%20Kopie.csv"
"D","ebene-bedeutung-3 (2) - Kopie.csv","csv","https://raw.githubusercontent.com/iki1uc/BOOM/main/D/ebene-bedeutung-3%20(2)%20-%20Kopie.csv"
"D","ebene-bedeutung-3 (2).csv","csv","https://raw.githubusercontent.com/iki1uc/BOOM/main/D/ebene-bedeutung-3%20(2).csv"
"D","ebene-bedeutung-3 (3) - Kopie - Kopie.csv","csv","https://raw.githubusercontent.com/iki1uc/BOOM/main/D/ebene-bedeutung-3%20(3)%20-%20Kopie%20-%20Kopie.csv"
"D","ebene-bedeutung-3 (3) - Kopie.csv","csv","https://raw.githubusercontent.com/iki1uc/BOOM/main/D/ebene-bedeutung-3%20(3)%20-%20Kopie.csv"
"D","ebene-bedeutung-3 (3).csv","csv","https://raw.githubusercontent.com/iki1uc/BOOM/main/D/ebene-bedeutung-3%20(3).csv"
"D","ebene-bedeutung-3 (4) - Kopie - Kopie.csv","csv","https://raw.githubusercontent.com/iki1uc/BOOM/main/D/ebene-bedeutung-3%20(4)%20-%20Kopie%20-%20Kopie.csv"
"D","ebene-bedeutung-3 (4) - Kopie.csv","csv","https://raw.githubusercontent.com/iki1uc/BOOM/main/D/ebene-bedeutung-3%20(4)%20-%20Kopie.csv"
"D","ebene-bedeutung-3 (4).csv","csv","https://raw.githubusercontent.com/iki1uc/BOOM/main/D/ebene-bedeutung-3%20(4).csv"
"D","ebene-bedeutung-3 (5) - Kopie.csv","csv","https://raw.githubusercontent.com/iki1uc/BOOM/main/D/ebene-bedeutung-3%20(5)%20-%20Kopie.csv"
"D","ebene-bedeutung-3 - Kopie.csv","csv","https://raw.githubusercontent.com/iki1uc/BOOM/main/D/ebene-bedeutung-3%20-%20Kopie.csv"
"D","ebene-bedeutung-3.csv","csv","https://raw.githubusercontent.com/iki1uc/BOOM/main/D/ebene-bedeutung-3.csv"
"D","ebene-bedeutung-6.csv","csv","https://raw.githubusercontent.com/iki1uc/BOOM/main/D/ebene-bedeutung-6.csv"
"D","ebene-bedeutung-9.csv","csv","https://raw.githubusercontent.com/iki1uc/BOOM/main/D/ebene-bedeutung-9.csv"
"E","e,md","e,md","https://raw.githubusercontent.com/iki1uc/BOOM/main/E/e%2Cmd"
"E","ebene-bedeutung-13.csv","csv","https://raw.githubusercontent.com/iki1uc/BOOM/main/E/ebene-bedeutung-13.csv"
"E","ebene-fehler-7.csv","csv","https://raw.githubusercontent.com/iki1uc/BOOM/main/E/ebene-fehler-7.csv"
"E","ebene-funktion-3 (1).csv","csv","https://raw.githubusercontent.com/iki1uc/BOOM/main/E/ebene-funktion-3%20(1).csv"
"E","ebene-funktion-3 (2).csv","csv","https://raw.githubusercontent.com/iki1uc/BOOM/main/E/ebene-funktion-3%20(2).csv"
"E","ebene-funktion-3 (3).csv","csv","https://raw.githubusercontent.com/iki1uc/BOOM/main/E/ebene-funktion-3%20(3).csv"
"E","ebene-funktion-3 (4) - Kopie.csv","csv","https://raw.githubusercontent.com/iki1uc/BOOM/main/E/ebene-funktion-3%20(4)%20-%20Kopie.csv"
"E","ebene-funktion-3 (4).csv","csv","https://raw.githubusercontent.com/iki1uc/BOOM/main/E/ebene-funktion-3%20(4).csv"
"E","ebene-funktion-3.csv","csv","https://raw.githubusercontent.com/iki1uc/BOOM/main/E/ebene-funktion-3.csv"
"E","ebene-name-10.csv","csv","https://raw.githubusercontent.com/iki1uc/BOOM/main/E/ebene-name-10.csv"
"E","ebene-name-14.csv","csv","https://raw.githubusercontent.com/iki1uc/BOOM/main/E/ebene-name-14.csv"
"E","ebene-name-6 (1).csv","csv","https://raw.githubusercontent.com/iki1uc/BOOM/main/E/ebene-name-6%20(1).csv"
"E","ebene-name-6.csv","csv","https://raw.githubusercontent.com/iki1uc/BOOM/main/E/ebene-name-6.csv"
"E","ebene-out-5 - Kopie - Kopie.csv","csv","https://raw.githubusercontent.com/iki1uc/BOOM/main/E/ebene-out-5%20-%20Kopie%20-%20Kopie.csv"
"E","ebene-out-5 - Kopie.csv","csv","https://raw.githubusercontent.com/iki1uc/BOOM/main/E/ebene-out-5%20-%20Kopie.csv"
"E","ebene-out-5.csv","csv","https://raw.githubusercontent.com/iki1uc/BOOM/main/E/ebene-out-5.csv"
"E","ebene-repo-3.csv","csv","https://raw.githubusercontent.com/iki1uc/BOOM/main/E/ebene-repo-3.csv"
"E","ebene-repo-4.csv","csv","https://raw.githubusercontent.com/iki1uc/BOOM/main/E/ebene-repo-4.csv"
"E","einheit-rolle-6.csv","csv","https://raw.githubusercontent.com/iki1uc/BOOM/main/E/einheit-rolle-6.csv"
"E","eintrag-bedeutung-24.csv","csv","https://raw.githubusercontent.com/iki1uc/BOOM/main/E/eintrag-bedeutung-24.csv"
"E","element-shader-effekt-5.csv","csv","https://raw.githubusercontent.com/iki1uc/BOOM/main/E/element-shader-effekt-5.csv"
"E","engine-bedeutung-2 - Kopie - Kopie.csv","csv","https://raw.githubusercontent.com/iki1uc/BOOM/main/E/engine-bedeutung-2%20-%20Kopie%20-%20Kopie.csv"
"E","engine-bedeutung-2 - Kopie.csv","csv","https://raw.githubusercontent.com/iki1uc/BOOM/main/E/engine-bedeutung-2%20-%20Kopie.csv"
"E","engine-bedeutung-2.csv","csv","https://raw.githubusercontent.com/iki1uc/BOOM/main/E/engine-bedeutung-2.csv"
"E","engine-bedeutung-4 - Kopie - Kopie.csv","csv","https://raw.githubusercontent.com/iki1uc/BOOM/main/E/engine-bedeutung-4%20-%20Kopie%20-%20Kopie.csv"
"E","engine-bedeutung-4 - Kopie.csv","csv","https://raw.githubusercontent.com/iki1uc/BOOM/main/E/engine-bedeutung-4%20-%20Kopie.csv"
"E","engine-bedeutung-4.csv","csv","https://raw.githubusercontent.com/iki1uc/BOOM/main/E/engine-bedeutung-4.csv"
"E","farbe-achse-6 - Kopie - Kopie.csv","csv","https://raw.githubusercontent.com/iki1uc/BOOM/main/E/farbe-achse-6%20-%20Kopie%20-%20Kopie.csv"
"E","farbe-achse-6 - Kopie.csv","csv","https://raw.githubusercontent.com/iki1uc/BOOM/main/E/farbe-achse-6%20-%20Kopie.csv"
"E","farbe-achse-6.csv","csv","https://raw.githubusercontent.com/iki1uc/BOOM/main/E/farbe-achse-6.csv"
"E","farbe-bedeutung-6.csv","csv","https://raw.githubusercontent.com/iki1uc/BOOM/main/E/farbe-bedeutung-6.csv"
"E","fehler-korrektur-5.csv","csv","https://raw.githubusercontent.com/iki1uc/BOOM/main/E/fehler-korrektur-5.csv"
"E","fehler-ursache-5.csv","csv","https://raw.githubusercontent.com/iki1uc/BOOM/main/E/fehler-ursache-5.csv"
"E","feld-name-9 (1).csv","csv","https://raw.githubusercontent.com/iki1uc/BOOM/main/E/feld-name-9%20(1).csv"
"E","feld-name-9.csv","csv","https://raw.githubusercontent.com/iki1uc/BOOM/main/E/feld-name-9.csv"
"E","figur-axiom-6.csv","csv","https://raw.githubusercontent.com/iki1uc/BOOM/main/E/figur-axiom-6.csv"
"E","figur-bonus-6.csv","csv","https://raw.githubusercontent.com/iki1uc/BOOM/main/E/figur-bonus-6.csv"
"E","gate-ist-6 (1).csv","csv","https://raw.githubusercontent.com/iki1uc/BOOM/main/E/gate-ist-6%20(1).csv"
"E","gate-ist-6.csv","csv","https://raw.githubusercontent.com/iki1uc/BOOM/main/E/gate-ist-6.csv"
"E","hardware-form-nc-operator-5 (1) (2).csv","csv","https://raw.githubusercontent.com/iki1uc/BOOM/main/E/hardware-form-nc-operator-5%20(1)%20(2).csv"
"E","hardware-form-nc-operator-5 (1).csv","csv","https://raw.githubusercontent.com/iki1uc/BOOM/main/E/hardware-form-nc-operator-5%20(1).csv"
"E","hardware-form-nc-operator-5.csv","csv","https://raw.githubusercontent.com/iki1uc/BOOM/main/E/hardware-form-nc-operator-5.csv"
"E","hebel-wirkung-auf-kapitalisierung-7 (1).csv","csv","https://raw.githubusercontent.com/iki1uc/BOOM/main/E/hebel-wirkung-auf-kapitalisierung-7%20(1).csv"
"E","hebel-wirkung-auf-kapitalisierung-7.csv","csv","https://raw.githubusercontent.com/iki1uc/BOOM/main/E/hebel-wirkung-auf-kapitalisierung-7.csv"
"E","hersteller-epoche-6 - Kopie - Kopie.csv","csv","https://raw.githubusercontent.com/iki1uc/BOOM/main/E/hersteller-epoche-6%20-%20Kopie%20-%20Kopie.csv"
"E","hersteller-epoche-6 - Kopie.csv","csv","https://raw.githubusercontent.com/iki1uc/BOOM/main/E/hersteller-epoche-6%20-%20Kopie.csv"
"E","hersteller-epoche-6.csv","csv","https://raw.githubusercontent.com/iki1uc/BOOM/main/E/hersteller-epoche-6.csv"
"E","hersteller-raw-move-5 - Kopie - Kopie.csv","csv","https://raw.githubusercontent.com/iki1uc/BOOM/main/E/hersteller-raw-move-5%20-%20Kopie%20-%20Kopie.csv"
"E","hersteller-raw-move-5 - Kopie.csv","csv","https://raw.githubusercontent.com/iki1uc/BOOM/main/E/hersteller-raw-move-5%20-%20Kopie.csv"
"E","hersteller-raw-move-5.csv","csv","https://raw.githubusercontent.com/iki1uc/BOOM/main/E/hersteller-raw-move-5.csv"
"E","himmelsk-rper-richtung-3.csv","csv","https://raw.githubusercontent.com/iki1uc/BOOM/main/E/himmelsk-rper-richtung-3.csv"
"E","id-respo-name-7.csv","csv","https://raw.githubusercontent.com/iki1uc/BOOM/main/E/id-respo-name-7.csv"
"E","k-rper-differenz-6 (1).csv","csv","https://raw.githubusercontent.com/iki1uc/BOOM/main/E/k-rper-differenz-6%20(1).csv"
"E","k-rper-differenz-6.csv","csv","https://raw.githubusercontent.com/iki1uc/BOOM/main/E/k-rper-differenz-6.csv"
"E","k-rper-energie-6e-6.csv","csv","https://raw.githubusercontent.com/iki1uc/BOOM/main/E/k-rper-energie-6e-6.csv"
"E","lage-zeichen-7.csv","csv","https://raw.githubusercontent.com/iki1uc/BOOM/main/E/lage-zeichen-7.csv"
"E","layer-datei-3.csv","csv","https://raw.githubusercontent.com/iki1uc/BOOM/main/E/layer-datei-3.csv"
"E","level-name-9.csv","csv","https://raw.githubusercontent.com/iki1uc/BOOM/main/E/level-name-9.csv"
"E","level-pyramiden-7 (1).csv","csv","https://raw.githubusercontent.com/iki1uc/BOOM/main/E/level-pyramiden-7%20(1).csv"
"E","level-pyramiden-7 (2).csv","csv","https://raw.githubusercontent.com/iki1uc/BOOM/main/E/level-pyramiden-7%20(2).csv"
"E","level-pyramiden-7 (3).csv","csv","https://raw.githubusercontent.com/iki1uc/BOOM/main/E/level-pyramiden-7%20(3).csv"
"E","level-pyramiden-7 (4).csv","csv","https://raw.githubusercontent.com/iki1uc/BOOM/main/E/level-pyramiden-7%20(4).csv"
"E","level-pyramiden-7 (5) (1).csv","csv","https://raw.githubusercontent.com/iki1uc/BOOM/main/E/level-pyramiden-7%20(5)%20(1).csv"
"E","level-pyramiden-7 (5).csv","csv","https://raw.githubusercontent.com/iki1uc/BOOM/main/E/level-pyramiden-7%20(5).csv"
"E","level-pyramiden-7 (6).csv","csv","https://raw.githubusercontent.com/iki1uc/BOOM/main/E/level-pyramiden-7%20(6).csv"
"E","level-pyramiden-7 (7).csv","csv","https://raw.githubusercontent.com/iki1uc/BOOM/main/E/level-pyramiden-7%20(7).csv"
"E","level-pyramiden-7 (8).csv","csv","https://raw.githubusercontent.com/iki1uc/BOOM/main/E/level-pyramiden-7%20(8).csv"
"E","level-pyramiden-7.csv","csv","https://raw.githubusercontent.com/iki1uc/BOOM/main/E/level-pyramiden-7.csv"
"E","level-pyramiden-71.csv","csv","https://raw.githubusercontent.com/iki1uc/BOOM/main/E/level-pyramiden-71.csv"
"E","level-pyramiden-72.csv","csv","https://raw.githubusercontent.com/iki1uc/BOOM/main/E/level-pyramiden-72.csv"
"E","level-pyramiden-73.csv","csv","https://raw.githubusercontent.com/iki1uc/BOOM/main/E/level-pyramiden-73.csv"
"E","level-pyramiden-74.csv","csv","https://raw.githubusercontent.com/iki1uc/BOOM/main/E/level-pyramiden-74.csv"
"E","level-pyramiden-75.csv","csv","https://raw.githubusercontent.com/iki1uc/BOOM/main/E/level-pyramiden-75.csv"
"E","level-pyramiden-76.csv","csv","https://raw.githubusercontent.com/iki1uc/BOOM/main/E/level-pyramiden-76.csv"
"E","level-pyramiden-77.csv","csv","https://raw.githubusercontent.com/iki1uc/BOOM/main/E/level-pyramiden-77.csv"
"E","matrix-element-shader-effekt-5.csv","csv","https://raw.githubusercontent.com/iki1uc/BOOM/main/E/matrix-element-shader-effekt-5.csv"
"E","modell-gr-e-5.csv","csv","https://raw.githubusercontent.com/iki1uc/BOOM/main/E/modell-gr-e-5.csv"
"E","modul-aufgabe-3.csv","csv","https://raw.githubusercontent.com/iki1uc/BOOM/main/E/modul-aufgabe-3.csv"
"E","modul-aufgabe-6 (1).csv","csv","https://raw.githubusercontent.com/iki1uc/BOOM/main/E/modul-aufgabe-6%20(1).csv"
"E","modul-aufgabe-6 (2).csv","csv","https://raw.githubusercontent.com/iki1uc/BOOM/main/E/modul-aufgabe-6%20(2).csv"
"E","modul-aufgabe-6.csv","csv","https://raw.githubusercontent.com/iki1uc/BOOM/main/E/modul-aufgabe-6.csv"
"E","modul-aufgabe-8 (1).csv","csv","https://raw.githubusercontent.com/iki1uc/BOOM/main/E/modul-aufgabe-8%20(1).csv"
"E","modul-aufgabe-8.csv","csv","https://raw.githubusercontent.com/iki1uc/BOOM/main/E/modul-aufgabe-8.csv"
"E","modul-bedeutung-6 - Kopie - Kopie.csv","csv","https://raw.githubusercontent.com/iki1uc/BOOM/main/E/modul-bedeutung-6%20-%20Kopie%20-%20Kopie.csv"
"I","i.md","md","https://raw.githubusercontent.com/iki1uc/BOOM/main/I/i.md"
"I","modul-bedeutung-6 - Kopie.csv","csv","https://raw.githubusercontent.com/iki1uc/BOOM/main/I/modul-bedeutung-6%20-%20Kopie.csv"
"I","modul-bedeutung-6.csv","csv","https://raw.githubusercontent.com/iki1uc/BOOM/main/I/modul-bedeutung-6.csv"
"I","modul-datenstand-4.csv","csv","https://raw.githubusercontent.com/iki1uc/BOOM/main/I/modul-datenstand-4.csv"
"I","modul-geo-5 - Kopie - Kopie.csv","csv","https://raw.githubusercontent.com/iki1uc/BOOM/main/I/modul-geo-5%20-%20Kopie%20-%20Kopie.csv"
"I","modul-geo-5 - Kopie.csv","csv","https://raw.githubusercontent.com/iki1uc/BOOM/main/I/modul-geo-5%20-%20Kopie.csv"
"I","modul-geo-5.csv","csv","https://raw.githubusercontent.com/iki1uc/BOOM/main/I/modul-geo-5.csv"
"I","modul-neuer-buchstabe-11.csv","csv","https://raw.githubusercontent.com/iki1uc/BOOM/main/I/modul-neuer-buchstabe-11.csv"
"I","modul-verbindung-ber-all-all-11.csv","csv","https://raw.githubusercontent.com/iki1uc/BOOM/main/I/modul-verbindung-ber-all-all-11.csv"
"I","modul-zustand-3.csv","csv","https://raw.githubusercontent.com/iki1uc/BOOM/main/I/modul-zustand-3.csv"
"I","modul-zweck-6.csv","csv","https://raw.githubusercontent.com/iki1uc/BOOM/main/I/modul-zweck-6.csv"
"I","modus-bewegung-3.csv","csv","https://raw.githubusercontent.com/iki1uc/BOOM/main/I/modus-bewegung-3.csv"
"I","motor-aufgabe-5.csv","csv","https://raw.githubusercontent.com/iki1uc/BOOM/main/I/motor-aufgabe-5.csv"
"I","move-typ-zeichen-9.csv","csv","https://raw.githubusercontent.com/iki1uc/BOOM/main/I/move-typ-zeichen-9.csv"
"I","move-zeichen-9.csv","csv","https://raw.githubusercontent.com/iki1uc/BOOM/main/I/move-zeichen-9.csv"
"I","narrativ-truth-9 (1).csv","csv","https://raw.githubusercontent.com/iki1uc/BOOM/main/I/narrativ-truth-9%20(1).csv"
"I","narrativ-truth-9.csv","csv","https://raw.githubusercontent.com/iki1uc/BOOM/main/I/narrativ-truth-9.csv"
"I","nc-modul-aufgabe-8.csv","csv","https://raw.githubusercontent.com/iki1uc/BOOM/main/I/nc-modul-aufgabe-8.csv"
"I","nr-datei-4 - Kopie - Kopie.csv","csv","https://raw.githubusercontent.com/iki1uc/BOOM/main/I/nr-datei-4%20-%20Kopie%20-%20Kopie.csv"
"I","nr-datei-4 - Kopie.csv","csv","https://raw.githubusercontent.com/iki1uc/BOOM/main/I/nr-datei-4%20-%20Kopie.csv"
"I","nr-datei-4.csv","csv","https://raw.githubusercontent.com/iki1uc/BOOM/main/I/nr-datei-4.csv"
"I","nr-datei-9 (1) - Kopie - Kopie.csv","csv","https://raw.githubusercontent.com/iki1uc/BOOM/main/I/nr-datei-9%20(1)%20-%20Kopie%20-%20Kopie.csv"
"I","nr-datei-9 (1) - Kopie.csv","csv","https://raw.githubusercontent.com/iki1uc/BOOM/main/I/nr-datei-9%20(1)%20-%20Kopie.csv"
"I","nr-datei-9 (1).csv","csv","https://raw.githubusercontent.com/iki1uc/BOOM/main/I/nr-datei-9%20(1).csv"
"I","nr-datei-9 - Kopie - Kopie.csv","csv","https://raw.githubusercontent.com/iki1uc/BOOM/main/I/nr-datei-9%20-%20Kopie%20-%20Kopie.csv"
"I","nr-datei-9 - Kopie.csv","csv","https://raw.githubusercontent.com/iki1uc/BOOM/main/I/nr-datei-9%20-%20Kopie.csv"
"I","nr-datei-9.csv","csv","https://raw.githubusercontent.com/iki1uc/BOOM/main/I/nr-datei-9.csv"
"I","nr-name-3 - Kopie - Kopie.csv","csv","https://raw.githubusercontent.com/iki1uc/BOOM/main/I/nr-name-3%20-%20Kopie%20-%20Kopie.csv"
"I","nr-name-3 - Kopie.csv","csv","https://raw.githubusercontent.com/iki1uc/BOOM/main/I/nr-name-3%20-%20Kopie.csv"
"I","nr-name-3.csv","csv","https://raw.githubusercontent.com/iki1uc/BOOM/main/I/nr-name-3.csv"
"I","nr-name-4 - Kopie - Kopie.csv","csv","https://raw.githubusercontent.com/iki1uc/BOOM/main/I/nr-name-4%20-%20Kopie%20-%20Kopie.csv"
"I","nr-name-4 - Kopie.csv","csv","https://raw.githubusercontent.com/iki1uc/BOOM/main/I/nr-name-4%20-%20Kopie.csv"
"I","nr-name-4.csv","csv","https://raw.githubusercontent.com/iki1uc/BOOM/main/I/nr-name-4.csv"
"I","nr-symbol-36.csv","csv","https://raw.githubusercontent.com/iki1uc/BOOM/main/I/nr-symbol-36.csv"
"I","opta-kombination-4.csv","csv","https://raw.githubusercontent.com/iki1uc/BOOM/main/I/opta-kombination-4.csv"
"I","ordner-ebene-12 (1).csv","csv","https://raw.githubusercontent.com/iki1uc/BOOM/main/I/ordner-ebene-12%20(1).csv"
"I","ordner-ebene-12.csv","csv","https://raw.githubusercontent.com/iki1uc/BOOM/main/I/ordner-ebene-12.csv"
"I","ordnername-system-ebene-12.csv","csv","https://raw.githubusercontent.com/iki1uc/BOOM/main/I/ordnername-system-ebene-12.csv"
"I","paar-module-6.csv","csv","https://raw.githubusercontent.com/iki1uc/BOOM/main/I/paar-module-6.csv"
"I","partie-spieler-8.csv","csv","https://raw.githubusercontent.com/iki1uc/BOOM/main/I/partie-spieler-8.csv"
"I","phase-bedeutung-6.csv","csv","https://raw.githubusercontent.com/iki1uc/BOOM/main/I/phase-bedeutung-6.csv"
"I","pipeline-station-11 (1).csv","csv","https://raw.githubusercontent.com/iki1uc/BOOM/main/I/pipeline-station-11%20(1).csv"
"I","pipeline-station-11.csv","csv","https://raw.githubusercontent.com/iki1uc/BOOM/main/I/pipeline-station-11.csv"
"I","pipeline-stufe-datei-7 - Kopie - Kopie.csv","csv","https://raw.githubusercontent.com/iki1uc/BOOM/main/I/pipeline-stufe-datei-7%20-%20Kopie%20-%20Kopie.csv"
"I","pipeline-stufe-datei-7 - Kopie.csv","csv","https://raw.githubusercontent.com/iki1uc/BOOM/main/I/pipeline-stufe-datei-7%20-%20Kopie.csv"
"I","pipeline-stufe-datei-7.csv","csv","https://raw.githubusercontent.com/iki1uc/BOOM/main/I/pipeline-stufe-datei-7.csv"
"I","pool-quelle-3.csv","csv","https://raw.githubusercontent.com/iki1uc/BOOM/main/I/pool-quelle-3.csv"
"I","problem-ursache-5 - Kopie - Kopie.csv","csv","https://raw.githubusercontent.com/iki1uc/BOOM/main/I/problem-ursache-5%20-%20Kopie%20-%20Kopie.csv"
"I","problem-ursache-5 - Kopie.csv","csv","https://raw.githubusercontent.com/iki1uc/BOOM/main/I/problem-ursache-5%20-%20Kopie.csv"
"I","problem-ursache-5.csv","csv","https://raw.githubusercontent.com/iki1uc/BOOM/main/I/problem-ursache-5.csv"
"I","raum-bedeutung-3.csv","csv","https://raw.githubusercontent.com/iki1uc/BOOM/main/I/raum-bedeutung-3.csv"
"I","raum-soll-name-12.csv","csv","https://raw.githubusercontent.com/iki1uc/BOOM/main/I/raum-soll-name-12.csv"
"I","raum-symbol-4.csv","csv","https://raw.githubusercontent.com/iki1uc/BOOM/main/I/raum-symbol-4.csv"
"I","raum-typ-10.csv","csv","https://raw.githubusercontent.com/iki1uc/BOOM/main/I/raum-typ-10.csv"
"I","re-zustand-achse-4.csv","csv","https://raw.githubusercontent.com/iki1uc/BOOM/main/I/re-zustand-achse-4.csv"
"I","re-zustand-borg-4.csv","csv","https://raw.githubusercontent.com/iki1uc/BOOM/main/I/re-zustand-borg-4.csv"
"I","re-zustand-geo-feld-4.csv","csv","https://raw.githubusercontent.com/iki1uc/BOOM/main/I/re-zustand-geo-feld-4.csv"
"I","re-zustand-modi-9-4.csv","csv","https://raw.githubusercontent.com/iki1uc/BOOM/main/I/re-zustand-modi-9-4.csv"
"I","re-zustand-sym-code-4.csv","csv","https://raw.githubusercontent.com/iki1uc/BOOM/main/I/re-zustand-sym-code-4.csv"
"I","regel-bedeutung-4.csv","csv","https://raw.githubusercontent.com/iki1uc/BOOM/main/I/regel-bedeutung-4.csv"
"I","repo-3-buchstaben-4.csv","csv","https://raw.githubusercontent.com/iki1uc/BOOM/main/I/repo-3-buchstaben-4.csv"
"I","repo-datei-6.csv","csv","https://raw.githubusercontent.com/iki1uc/BOOM/main/I/repo-datei-6.csv"
"I","repo-id-3.csv","csv","https://raw.githubusercontent.com/iki1uc/BOOM/main/I/repo-id-3.csv"
"I","repo-id-6 (1).csv","csv","https://raw.githubusercontent.com/iki1uc/BOOM/main/I/repo-id-6%20(1).csv"
"I","repo-id-6.csv","csv","https://raw.githubusercontent.com/iki1uc/BOOM/main/I/repo-id-6.csv"
"I","repo-signatur-4.csv","csv","https://raw.githubusercontent.com/iki1uc/BOOM/main/I/repo-signatur-4.csv"
"I","respo-achse-4.csv","csv","https://raw.githubusercontent.com/iki1uc/BOOM/main/I/respo-achse-4.csv"
"I","respo-funktion-6.csv","csv","https://raw.githubusercontent.com/iki1uc/BOOM/main/I/respo-funktion-6.csv"
"I","respo-modell-3.csv","csv","https://raw.githubusercontent.com/iki1uc/BOOM/main/I/respo-modell-3.csv"
"I","respo-zahl-6.csv","csv","https://raw.githubusercontent.com/iki1uc/BOOM/main/I/respo-zahl-6.csv"
"I","rolle-bedeutung-6.csv","csv","https://raw.githubusercontent.com/iki1uc/BOOM/main/I/rolle-bedeutung-6.csv"
"I","rubrik-inhalt-5.csv","csv","https://raw.githubusercontent.com/iki1uc/BOOM/main/I/rubrik-inhalt-5.csv"
"I","schicht-funktion-4 (1).csv","csv","https://raw.githubusercontent.com/iki1uc/BOOM/main/I/schicht-funktion-4%20(1).csv"
"I","schicht-funktion-4.csv","csv","https://raw.githubusercontent.com/iki1uc/BOOM/main/I/schicht-funktion-4.csv"
"I","schicht-ordner-3.csv","csv","https://raw.githubusercontent.com/iki1uc/BOOM/main/I/schicht-ordner-3.csv"
"I","schicht-ordner-5.csv","csv","https://raw.githubusercontent.com/iki1uc/BOOM/main/I/schicht-ordner-5.csv"
"I","schritt-aufgabe-8.csv","csv","https://raw.githubusercontent.com/iki1uc/BOOM/main/I/schritt-aufgabe-8.csv"
"I","schritt-modul-5.csv","csv","https://raw.githubusercontent.com/iki1uc/BOOM/main/I/schritt-modul-5.csv"
"I","schritt-repo-5.csv","csv","https://raw.githubusercontent.com/iki1uc/BOOM/main/I/schritt-repo-5.csv"
"I","score-formel-5 (1).csv","csv","https://raw.githubusercontent.com/iki1uc/BOOM/main/I/score-formel-5%20(1).csv"
"I","score-formel-5.csv","csv","https://raw.githubusercontent.com/iki1uc/BOOM/main/I/score-formel-5.csv"
"I","seite-zerlegung-4.csv","csv","https://raw.githubusercontent.com/iki1uc/BOOM/main/I/seite-zerlegung-4.csv"
"I","siegtyp-bedingung-4 (1).csv","csv","https://raw.githubusercontent.com/iki1uc/BOOM/main/I/siegtyp-bedingung-4%20(1).csv"
"I","siegtyp-bedingung-4 (2).csv","csv","https://raw.githubusercontent.com/iki1uc/BOOM/main/I/siegtyp-bedingung-4%20(2).csv"
"I","siegtyp-bedingung-4.csv","csv","https://raw.githubusercontent.com/iki1uc/BOOM/main/I/siegtyp-bedingung-4.csv"
"IX","IX.md","md","https://raw.githubusercontent.com/iki1uc/BOOM/main/IX/IX.md"
"N","n.md","md","https://raw.githubusercontent.com/iki1uc/BOOM/main/N/n.md"
"N","station-geometrie-11 (5).csv","csv","https://raw.githubusercontent.com/iki1uc/BOOM/main/N/station-geometrie-11%20(5).csv"
"N","station-geometrie-11 (6).csv","csv","https://raw.githubusercontent.com/iki1uc/BOOM/main/N/station-geometrie-11%20(6).csv"
"N","station-geometrie-11 (7).csv","csv","https://raw.githubusercontent.com/iki1uc/BOOM/main/N/station-geometrie-11%20(7).csv"
"N","station-geometrie-11 (8).csv","csv","https://raw.githubusercontent.com/iki1uc/BOOM/main/N/station-geometrie-11%20(8).csv"
"N","station-geometrie-11.csv","csv","https://raw.githubusercontent.com/iki1uc/BOOM/main/N/station-geometrie-11.csv"
"N","stellung-axiom-4.csv","csv","https://raw.githubusercontent.com/iki1uc/BOOM/main/N/stellung-axiom-4.csv"
"N","stufe-name-3.csv","csv","https://raw.githubusercontent.com/iki1uc/BOOM/main/N/stufe-name-3.csv"
"N","submission.csv","csv","https://raw.githubusercontent.com/iki1uc/BOOM/main/N/submission.csv"
"N","system-st-rke-5.csv","csv","https://raw.githubusercontent.com/iki1uc/BOOM/main/N/system-st-rke-5.csv"
"N","system-startpunkt-3.csv","csv","https://raw.githubusercontent.com/iki1uc/BOOM/main/N/system-startpunkt-3.csv"
"N","system-status-4.csv","csv","https://raw.githubusercontent.com/iki1uc/BOOM/main/N/system-status-4.csv"
"N","th - 2026-07-18T052659.020.webp","webp","https://raw.githubusercontent.com/iki1uc/BOOM/main/N/th%20-%202026-07-18T052659.020.webp"
"N","th - 2026-07-18T052702.094.webp","webp","https://raw.githubusercontent.com/iki1uc/BOOM/main/N/th%20-%202026-07-18T052702.094.webp"
"N","th - 2026-07-18T052704.942.webp","webp","https://raw.githubusercontent.com/iki1uc/BOOM/main/N/th%20-%202026-07-18T052704.942.webp"
"N","th - 2026-07-18T075207.596.webp","webp","https://raw.githubusercontent.com/iki1uc/BOOM/main/N/th%20-%202026-07-18T075207.596.webp"
"N","th - 2026-07-18T075211.459.webp","webp","https://raw.githubusercontent.com/iki1uc/BOOM/main/N/th%20-%202026-07-18T075211.459.webp"
"N","th - 2026-07-18T144110.529.webp","webp","https://raw.githubusercontent.com/iki1uc/BOOM/main/N/th%20-%202026-07-18T144110.529.webp"
"N","th - 2026-07-18T144113.800.webp","webp","https://raw.githubusercontent.com/iki1uc/BOOM/main/N/th%20-%202026-07-18T144113.800.webp"
"N","th - 2026-07-18T144116.717.webp","webp","https://raw.githubusercontent.com/iki1uc/BOOM/main/N/th%20-%202026-07-18T144116.717.webp"
"N","th - 2026-07-18T144119.988.webp","webp","https://raw.githubusercontent.com/iki1uc/BOOM/main/N/th%20-%202026-07-18T144119.988.webp"
"N","th - 2026-07-18T145604.037.webp","webp","https://raw.githubusercontent.com/iki1uc/BOOM/main/N/th%20-%202026-07-18T145604.037.webp"
"N","th - 2026-07-18T145607.138.webp","webp","https://raw.githubusercontent.com/iki1uc/BOOM/main/N/th%20-%202026-07-18T145607.138.webp"
"N","th - 2026-07-18T145612.176.webp","webp","https://raw.githubusercontent.com/iki1uc/BOOM/main/N/th%20-%202026-07-18T145612.176.webp"
"N","th - 2026-07-18T145616.874.webp","webp","https://raw.githubusercontent.com/iki1uc/BOOM/main/N/th%20-%202026-07-18T145616.874.webp"
"N","th - 2026-07-18T145620.135.webp","webp","https://raw.githubusercontent.com/iki1uc/BOOM/main/N/th%20-%202026-07-18T145620.135.webp"
"N","th - 2026-07-18T145919.693.webp","webp","https://raw.githubusercontent.com/iki1uc/BOOM/main/N/th%20-%202026-07-18T145919.693.webp"
"N","th - 2026-07-18T145929.768.webp","webp","https://raw.githubusercontent.com/iki1uc/BOOM/main/N/th%20-%202026-07-18T145929.768.webp"
"N","th - 2026-07-18T145932.934.webp","webp","https://raw.githubusercontent.com/iki1uc/BOOM/main/N/th%20-%202026-07-18T145932.934.webp"
"N","th - 2026-07-18T153806.968.webp","webp","https://raw.githubusercontent.com/iki1uc/BOOM/main/N/th%20-%202026-07-18T153806.968.webp"
"N","th - 2026-07-18T153813.457.webp","webp","https://raw.githubusercontent.com/iki1uc/BOOM/main/N/th%20-%202026-07-18T153813.457.webp"
"N","th - 2026-07-18T153816.756.webp","webp","https://raw.githubusercontent.com/iki1uc/BOOM/main/N/th%20-%202026-07-18T153816.756.webp"
"N","th - 2026-07-18T153819.963.webp","webp","https://raw.githubusercontent.com/iki1uc/BOOM/main/N/th%20-%202026-07-18T153819.963.webp"
"N","th - 2026-07-19T063737.573.webp","webp","https://raw.githubusercontent.com/iki1uc/BOOM/main/N/th%20-%202026-07-19T063737.573.webp"
"N","th - 2026-07-19T063740.835.webp","webp","https://raw.githubusercontent.com/iki1uc/BOOM/main/N/th%20-%202026-07-19T063740.835.webp"
"N","th - 2026-07-19T194228.021.webp","webp","https://raw.githubusercontent.com/iki1uc/BOOM/main/N/th%20-%202026-07-19T194228.021.webp"
"N","th - 2026-07-19T194231.142.webp","webp","https://raw.githubusercontent.com/iki1uc/BOOM/main/N/th%20-%202026-07-19T194231.142.webp"
"N","th - 2026-07-19T194234.100.webp","webp","https://raw.githubusercontent.com/iki1uc/BOOM/main/N/th%20-%202026-07-19T194234.100.webp"
"N","th - 2026-07-19T194242.863.webp","webp","https://raw.githubusercontent.com/iki1uc/BOOM/main/N/th%20-%202026-07-19T194242.863.webp"
"N","th - 2026-07-19T194246.368.webp","webp","https://raw.githubusercontent.com/iki1uc/BOOM/main/N/th%20-%202026-07-19T194246.368.webp"
"N","th - 2026-07-19T194949.316.webp","webp","https://raw.githubusercontent.com/iki1uc/BOOM/main/N/th%20-%202026-07-19T194949.316.webp"
"N","th - 2026-07-19T194952.158.webp","webp","https://raw.githubusercontent.com/iki1uc/BOOM/main/N/th%20-%202026-07-19T194952.158.webp"
"N","th - 2026-07-19T194954.941.webp","webp","https://raw.githubusercontent.com/iki1uc/BOOM/main/N/th%20-%202026-07-19T194954.941.webp"
"N","th - 2026-07-19T194958.194.webp","webp","https://raw.githubusercontent.com/iki1uc/BOOM/main/N/th%20-%202026-07-19T194958.194.webp"
"N","th - 2026-07-19T195005.323.webp","webp","https://raw.githubusercontent.com/iki1uc/BOOM/main/N/th%20-%202026-07-19T195005.323.webp"
"N","th - 2026-07-19T195011.098.webp","webp","https://raw.githubusercontent.com/iki1uc/BOOM/main/N/th%20-%202026-07-19T195011.098.webp"
"N","th - 2026-07-19T195014.134.webp","webp","https://raw.githubusercontent.com/iki1uc/BOOM/main/N/th%20-%202026-07-19T195014.134.webp"
"N","th - 2026-07-19T195016.939.webp","webp","https://raw.githubusercontent.com/iki1uc/BOOM/main/N/th%20-%202026-07-19T195016.939.webp"
"N","th - 2026-07-19T195024.148.webp","webp","https://raw.githubusercontent.com/iki1uc/BOOM/main/N/th%20-%202026-07-19T195024.148.webp"
"N","th - 2026-07-19T203706.172.webp","webp","https://raw.githubusercontent.com/iki1uc/BOOM/main/N/th%20-%202026-07-19T203706.172.webp"
"N","th - 2026-07-19T203709.565.webp","webp","https://raw.githubusercontent.com/iki1uc/BOOM/main/N/th%20-%202026-07-19T203709.565.webp"
"N","th - 2026-07-19T203712.597.webp","webp","https://raw.githubusercontent.com/iki1uc/BOOM/main/N/th%20-%202026-07-19T203712.597.webp"
"N","th - 2026-07-19T203716.024.webp","webp","https://raw.githubusercontent.com/iki1uc/BOOM/main/N/th%20-%202026-07-19T203716.024.webp"
"N","th - 2026-07-20T000740.312.webp","webp","https://raw.githubusercontent.com/iki1uc/BOOM/main/N/th%20-%202026-07-20T000740.312.webp"
"N","th - 2026-07-20T000744.867.webp","webp","https://raw.githubusercontent.com/iki1uc/BOOM/main/N/th%20-%202026-07-20T000744.867.webp"
"N","th - 2026-07-20T000748.058.webp","webp","https://raw.githubusercontent.com/iki1uc/BOOM/main/N/th%20-%202026-07-20T000748.058.webp"
"N","th - 2026-07-20T000758.634.webp","webp","https://raw.githubusercontent.com/iki1uc/BOOM/main/N/th%20-%202026-07-20T000758.634.webp"
"N","th - 2026-07-20T000801.757.webp","webp","https://raw.githubusercontent.com/iki1uc/BOOM/main/N/th%20-%202026-07-20T000801.757.webp"
"N","th - 2026-07-20T000806.680.webp","webp","https://raw.githubusercontent.com/iki1uc/BOOM/main/N/th%20-%202026-07-20T000806.680.webp"
"N","th - 2026-07-20T000810.100.webp","webp","https://raw.githubusercontent.com/iki1uc/BOOM/main/N/th%20-%202026-07-20T000810.100.webp"
"N","th - 2026-07-20T000814.228.webp","webp","https://raw.githubusercontent.com/iki1uc/BOOM/main/N/th%20-%202026-07-20T000814.228.webp"
"N","th - 2026-07-20T000818.450.webp","webp","https://raw.githubusercontent.com/iki1uc/BOOM/main/N/th%20-%202026-07-20T000818.450.webp"
"N","th - 2026-07-20T000825.132.webp","webp","https://raw.githubusercontent.com/iki1uc/BOOM/main/N/th%20-%202026-07-20T000825.132.webp"
"N","th - 2026-07-20T000828.449.webp","webp","https://raw.githubusercontent.com/iki1uc/BOOM/main/N/th%20-%202026-07-20T000828.449.webp"
"N","tmp-name-voller-funktions-name-9.csv","csv","https://raw.githubusercontent.com/iki1uc/BOOM/main/N/tmp-name-voller-funktions-name-9.csv"
"N","tmp-respo-datei-16.csv","csv","https://raw.githubusercontent.com/iki1uc/BOOM/main/N/tmp-respo-datei-16.csv"
"N","tmp-typ-ziel-9.csv","csv","https://raw.githubusercontent.com/iki1uc/BOOM/main/N/tmp-typ-ziel-9.csv"
"N","typ-name-11.csv","csv","https://raw.githubusercontent.com/iki1uc/BOOM/main/N/typ-name-11.csv"
"N","wert-bedeutung-13.csv","csv","https://raw.githubusercontent.com/iki1uc/BOOM/main/N/wert-bedeutung-13.csv"
"N","zeichen-bedeutung-14.csv","csv","https://raw.githubusercontent.com/iki1uc/BOOM/main/N/zeichen-bedeutung-14.csv"
"N","zerlegung-struktur-4.csv","csv","https://raw.githubusercontent.com/iki1uc/BOOM/main/N/zerlegung-struktur-4.csv"
"N","zug-aktion-4 (1).csv","csv","https://raw.githubusercontent.com/iki1uc/BOOM/main/N/zug-aktion-4%20(1).csv"
"N","zug-aktion-4 (2).csv","csv","https://raw.githubusercontent.com/iki1uc/BOOM/main/N/zug-aktion-4%20(2).csv"
"N","zug-aktion-4.csv","csv","https://raw.githubusercontent.com/iki1uc/BOOM/main/N/zug-aktion-4.csv"
"N","zug-aktion-5.csv","csv","https://raw.githubusercontent.com/iki1uc/BOOM/main/N/zug-aktion-5.csv"
"N","zug-aktion-6.csv","csv","https://raw.githubusercontent.com/iki1uc/BOOM/main/N/zug-aktion-6.csv"
"N","zug-aktion-7.csv","csv","https://raw.githubusercontent.com/iki1uc/BOOM/main/N/zug-aktion-7.csv"
"N","zug-axiom-4 (1).csv","csv","https://raw.githubusercontent.com/iki1uc/BOOM/main/N/zug-axiom-4%20(1).csv"
"N","zug-axiom-4 (2).csv","csv","https://raw.githubusercontent.com/iki1uc/BOOM/main/N/zug-axiom-4%20(2).csv"
"N","zug-axiom-4.csv","csv","https://raw.githubusercontent.com/iki1uc/BOOM/main/N/zug-axiom-4.csv"
"N","zustand-bedeutung-4 (1).csv","csv","https://raw.githubusercontent.com/iki1uc/BOOM/main/N/zustand-bedeutung-4%20(1).csv"
"N","zustand-bedeutung-4 (2).csv","csv","https://raw.githubusercontent.com/iki1uc/BOOM/main/N/zustand-bedeutung-4%20(2).csv"
"N","zustand-bedeutung-4 (3).csv","csv","https://raw.githubusercontent.com/iki1uc/BOOM/main/N/zustand-bedeutung-4%20(3).csv"
"N","zustand-bedeutung-4.csv","csv","https://raw.githubusercontent.com/iki1uc/BOOM/main/N/zustand-bedeutung-4.csv"
"N","zustand-kanal-4.csv","csv","https://raw.githubusercontent.com/iki1uc/BOOM/main/N/zustand-kanal-4.csv"
"N","zustand-wirkung-4.csv","csv","https://raw.githubusercontent.com/iki1uc/BOOM/main/N/zustand-wirkung-4.csv"
"O","achse-funktion-3.csv","csv","https://raw.githubusercontent.com/iki1uc/BOOM/main/O/achse-funktion-3.csv"
"O","achse-modul-12.csv","csv","https://raw.githubusercontent.com/iki1uc/BOOM/main/O/achse-modul-12.csv"
"O","achse-quelle-12.csv","csv","https://raw.githubusercontent.com/iki1uc/BOOM/main/O/achse-quelle-12.csv"
"O","image12.jpeg","jpeg","https://raw.githubusercontent.com/iki1uc/BOOM/main/O/image12.jpeg"
"O","image13.jpeg","jpeg","https://raw.githubusercontent.com/iki1uc/BOOM/main/O/image13.jpeg"
"O","image14.jpeg","jpeg","https://raw.githubusercontent.com/iki1uc/BOOM/main/O/image14.jpeg"
"O","image15.jpeg","jpeg","https://raw.githubusercontent.com/iki1uc/BOOM/main/O/image15.jpeg"
"O","image16.jpeg","jpeg","https://raw.githubusercontent.com/iki1uc/BOOM/main/O/image16.jpeg"
"O","image17.jpeg","jpeg","https://raw.githubusercontent.com/iki1uc/BOOM/main/O/image17.jpeg"
"O","image18.jpeg","jpeg","https://raw.githubusercontent.com/iki1uc/BOOM/main/O/image18.jpeg"
"O","image2.jpeg","jpeg","https://raw.githubusercontent.com/iki1uc/BOOM/main/O/image2.jpeg"
"O","image20.jpeg","jpeg","https://raw.githubusercontent.com/iki1uc/BOOM/main/O/image20.jpeg"
"O","image21.jpeg","jpeg","https://raw.githubusercontent.com/iki1uc/BOOM/main/O/image21.jpeg"
"O","image26.jpeg","jpeg","https://raw.githubusercontent.com/iki1uc/BOOM/main/O/image26.jpeg"
"O","image27.jpeg","jpeg","https://raw.githubusercontent.com/iki1uc/BOOM/main/O/image27.jpeg"
"O","image28.jpeg","jpeg","https://raw.githubusercontent.com/iki1uc/BOOM/main/O/image28.jpeg"
"O","image29.jpeg","jpeg","https://raw.githubusercontent.com/iki1uc/BOOM/main/O/image29.jpeg"
"O","image3.jpeg","jpeg","https://raw.githubusercontent.com/iki1uc/BOOM/main/O/image3.jpeg"
"O","image6.jpeg","jpeg","https://raw.githubusercontent.com/iki1uc/BOOM/main/O/image6.jpeg"
"O","image7.jpeg","jpeg","https://raw.githubusercontent.com/iki1uc/BOOM/main/O/image7.jpeg"
"O","o.md","md","https://raw.githubusercontent.com/iki1uc/BOOM/main/O/o.md"
"O","th - 2026-07-16T132811.589.webp","webp","https://raw.githubusercontent.com/iki1uc/BOOM/main/O/th%20-%202026-07-16T132811.589.webp"
"O","th - 2026-07-16T162014.152.webp","webp","https://raw.githubusercontent.com/iki1uc/BOOM/main/O/th%20-%202026-07-16T162014.152.webp"
"O","th - 2026-07-16T162017.640.webp","webp","https://raw.githubusercontent.com/iki1uc/BOOM/main/O/th%20-%202026-07-16T162017.640.webp"
"O","th - 2026-07-16T162020.798.webp","webp","https://raw.githubusercontent.com/iki1uc/BOOM/main/O/th%20-%202026-07-16T162020.798.webp"
"O","th - 2026-07-16T162036.091.webp","webp","https://raw.githubusercontent.com/iki1uc/BOOM/main/O/th%20-%202026-07-16T162036.091.webp"
"O","th - 2026-07-16T162043.311.webp","webp","https://raw.githubusercontent.com/iki1uc/BOOM/main/O/th%20-%202026-07-16T162043.311.webp"
"O","th - 2026-07-16T162046.884.webp","webp","https://raw.githubusercontent.com/iki1uc/BOOM/main/O/th%20-%202026-07-16T162046.884.webp"
"O","th - 2026-07-16T162050.028.webp","webp","https://raw.githubusercontent.com/iki1uc/BOOM/main/O/th%20-%202026-07-16T162050.028.webp"
"O","th - 2026-07-16T162130.632.webp","webp","https://raw.githubusercontent.com/iki1uc/BOOM/main/O/th%20-%202026-07-16T162130.632.webp"
"O","th - 2026-07-16T162134.318.webp","webp","https://raw.githubusercontent.com/iki1uc/BOOM/main/O/th%20-%202026-07-16T162134.318.webp"
"O","th - 2026-07-16T162138.577.webp","webp","https://raw.githubusercontent.com/iki1uc/BOOM/main/O/th%20-%202026-07-16T162138.577.webp"
"O","th - 2026-07-16T162142.532.webp","webp","https://raw.githubusercontent.com/iki1uc/BOOM/main/O/th%20-%202026-07-16T162142.532.webp"
"O","th - 2026-07-16T162145.538.webp","webp","https://raw.githubusercontent.com/iki1uc/BOOM/main/O/th%20-%202026-07-16T162145.538.webp"
"O","th - 2026-07-16T162150.053.webp","webp","https://raw.githubusercontent.com/iki1uc/BOOM/main/O/th%20-%202026-07-16T162150.053.webp"
"O","th - 2026-07-16T162153.903.webp","webp","https://raw.githubusercontent.com/iki1uc/BOOM/main/O/th%20-%202026-07-16T162153.903.webp"
"O","th - 2026-07-16T162159.783.webp","webp","https://raw.githubusercontent.com/iki1uc/BOOM/main/O/th%20-%202026-07-16T162159.783.webp"
"O","th - 2026-07-16T162204.037.webp","webp","https://raw.githubusercontent.com/iki1uc/BOOM/main/O/th%20-%202026-07-16T162204.037.webp"
"O","th - 2026-07-16T162207.635.webp","webp","https://raw.githubusercontent.com/iki1uc/BOOM/main/O/th%20-%202026-07-16T162207.635.webp"
"O","th - 2026-07-16T162211.101.webp","webp","https://raw.githubusercontent.com/iki1uc/BOOM/main/O/th%20-%202026-07-16T162211.101.webp"
"O","th - 2026-07-16T162216.293.webp","webp","https://raw.githubusercontent.com/iki1uc/BOOM/main/O/th%20-%202026-07-16T162216.293.webp"
"O","th - 2026-07-16T162220.128.webp","webp","https://raw.githubusercontent.com/iki1uc/BOOM/main/O/th%20-%202026-07-16T162220.128.webp"
"O","th - 2026-07-16T162225.499.webp","webp","https://raw.githubusercontent.com/iki1uc/BOOM/main/O/th%20-%202026-07-16T162225.499.webp"
"O","th - 2026-07-16T162229.693.webp","webp","https://raw.githubusercontent.com/iki1uc/BOOM/main/O/th%20-%202026-07-16T162229.693.webp"
"O","th - 2026-07-16T162233.966.webp","webp","https://raw.githubusercontent.com/iki1uc/BOOM/main/O/th%20-%202026-07-16T162233.966.webp"
"O","th - 2026-07-16T162241.129.webp","webp","https://raw.githubusercontent.com/iki1uc/BOOM/main/O/th%20-%202026-07-16T162241.129.webp"
"O","th - 2026-07-16T162245.593.webp","webp","https://raw.githubusercontent.com/iki1uc/BOOM/main/O/th%20-%202026-07-16T162245.593.webp"
"O","th - 2026-07-16T162248.925.webp","webp","https://raw.githubusercontent.com/iki1uc/BOOM/main/O/th%20-%202026-07-16T162248.925.webp"
"O","th - 2026-07-16T162252.312.webp","webp","https://raw.githubusercontent.com/iki1uc/BOOM/main/O/th%20-%202026-07-16T162252.312.webp"
"O","th - 2026-07-16T162400.120.webp","webp","https://raw.githubusercontent.com/iki1uc/BOOM/main/O/th%20-%202026-07-16T162400.120.webp"
"O","th - 2026-07-16T162403.727.webp","webp","https://raw.githubusercontent.com/iki1uc/BOOM/main/O/th%20-%202026-07-16T162403.727.webp"
"O","th - 2026-07-16T162407.537.webp","webp","https://raw.githubusercontent.com/iki1uc/BOOM/main/O/th%20-%202026-07-16T162407.537.webp"
"O","th - 2026-07-16T162410.936.webp","webp","https://raw.githubusercontent.com/iki1uc/BOOM/main/O/th%20-%202026-07-16T162410.936.webp"
"O","th - 2026-07-16T162415.368.webp","webp","https://raw.githubusercontent.com/iki1uc/BOOM/main/O/th%20-%202026-07-16T162415.368.webp"
"O","th - 2026-07-16T162419.147.webp","webp","https://raw.githubusercontent.com/iki1uc/BOOM/main/O/th%20-%202026-07-16T162419.147.webp"
"O","th - 2026-07-16T162424.145.webp","webp","https://raw.githubusercontent.com/iki1uc/BOOM/main/O/th%20-%202026-07-16T162424.145.webp"
"O","th - 2026-07-16T162428.016.webp","webp","https://raw.githubusercontent.com/iki1uc/BOOM/main/O/th%20-%202026-07-16T162428.016.webp"
"O","th - 2026-07-16T162434.481.webp","webp","https://raw.githubusercontent.com/iki1uc/BOOM/main/O/th%20-%202026-07-16T162434.481.webp"
"O","th - 2026-07-16T162438.430.webp","webp","https://raw.githubusercontent.com/iki1uc/BOOM/main/O/th%20-%202026-07-16T162438.430.webp"
"O","th - 2026-07-16T162441.585.webp","webp","https://raw.githubusercontent.com/iki1uc/BOOM/main/O/th%20-%202026-07-16T162441.585.webp"
"O","th - 2026-07-17T214406.548.webp","webp","https://raw.githubusercontent.com/iki1uc/BOOM/main/O/th%20-%202026-07-17T214406.548.webp"
"O","th - 2026-07-17T214410.103.webp","webp","https://raw.githubusercontent.com/iki1uc/BOOM/main/O/th%20-%202026-07-17T214410.103.webp"
"O","th - 2026-07-17T214414.525.webp","webp","https://raw.githubusercontent.com/iki1uc/BOOM/main/O/th%20-%202026-07-17T214414.525.webp"
"O","th - 2026-07-17T214417.782.webp","webp","https://raw.githubusercontent.com/iki1uc/BOOM/main/O/th%20-%202026-07-17T214417.782.webp"
"O","th - 2026-07-17T214432.492.webp","webp","https://raw.githubusercontent.com/iki1uc/BOOM/main/O/th%20-%202026-07-17T214432.492.webp"
"O","th - 2026-07-17T214436.102.webp","webp","https://raw.githubusercontent.com/iki1uc/BOOM/main/O/th%20-%202026-07-17T214436.102.webp"
"O","th - 2026-07-17T214439.902.webp","webp","https://raw.githubusercontent.com/iki1uc/BOOM/main/O/th%20-%202026-07-17T214439.902.webp"
"O","th - 2026-07-17T214444.025.webp","webp","https://raw.githubusercontent.com/iki1uc/BOOM/main/O/th%20-%202026-07-17T214444.025.webp"
"O","th - 2026-07-18T052559.001.webp","webp","https://raw.githubusercontent.com/iki1uc/BOOM/main/O/th%20-%202026-07-18T052559.001.webp"
"O","th - 2026-07-18T052602.244.webp","webp","https://raw.githubusercontent.com/iki1uc/BOOM/main/O/th%20-%202026-07-18T052602.244.webp"
"O","th - 2026-07-18T052605.914.webp","webp","https://raw.githubusercontent.com/iki1uc/BOOM/main/O/th%20-%202026-07-18T052605.914.webp"
"O","th - 2026-07-18T052608.944.webp","webp","https://raw.githubusercontent.com/iki1uc/BOOM/main/O/th%20-%202026-07-18T052608.944.webp"
"O","th - 2026-07-18T052613.432.webp","webp","https://raw.githubusercontent.com/iki1uc/BOOM/main/O/th%20-%202026-07-18T052613.432.webp"
"O","th - 2026-07-18T052616.388.webp","webp","https://raw.githubusercontent.com/iki1uc/BOOM/main/O/th%20-%202026-07-18T052616.388.webp"
"O","th - 2026-07-18T052619.153.webp","webp","https://raw.githubusercontent.com/iki1uc/BOOM/main/O/th%20-%202026-07-18T052619.153.webp"
"O","th - 2026-07-18T052622.128.webp","webp","https://raw.githubusercontent.com/iki1uc/BOOM/main/O/th%20-%202026-07-18T052622.128.webp"
"O","th - 2026-07-18T052629.014.webp","webp","https://raw.githubusercontent.com/iki1uc/BOOM/main/O/th%20-%202026-07-18T052629.014.webp"
"O","th - 2026-07-18T052632.266.webp","webp","https://raw.githubusercontent.com/iki1uc/BOOM/main/O/th%20-%202026-07-18T052632.266.webp"
"O","th - 2026-07-18T052635.106.webp","webp","https://raw.githubusercontent.com/iki1uc/BOOM/main/O/th%20-%202026-07-18T052635.106.webp"
"O","th - 2026-07-18T052638.309.webp","webp","https://raw.githubusercontent.com/iki1uc/BOOM/main/O/th%20-%202026-07-18T052638.309.webp"
"O","th - 2026-07-18T052643.618.webp","webp","https://raw.githubusercontent.com/iki1uc/BOOM/main/O/th%20-%202026-07-18T052643.618.webp"
"O","th - 2026-07-18T052646.445.webp","webp","https://raw.githubusercontent.com/iki1uc/BOOM/main/O/th%20-%202026-07-18T052646.445.webp"
"O","th - 2026-07-18T052649.093.webp","webp","https://raw.githubusercontent.com/iki1uc/BOOM/main/O/th%20-%202026-07-18T052649.093.webp"
"O","th - 2026-07-18T052651.837.webp","webp","https://raw.githubusercontent.com/iki1uc/BOOM/main/O/th%20-%202026-07-18T052651.837.webp"
"O","th - 2026-07-18T052656.007.webp","webp","https://raw.githubusercontent.com/iki1uc/BOOM/main/O/th%20-%202026-07-18T052656.007.webp"
"Q","q.md","md","https://raw.githubusercontent.com/iki1uc/BOOM/main/Q/q.md"
"Q","th - 2026-07-20T000831.702.webp","webp","https://raw.githubusercontent.com/iki1uc/BOOM/main/Q/th%20-%202026-07-20T000831.702.webp"
"Q","th - 2026-07-20T000834.745.webp","webp","https://raw.githubusercontent.com/iki1uc/BOOM/main/Q/th%20-%202026-07-20T000834.745.webp"
"Q","th - 2026-07-20T001121.533.webp","webp","https://raw.githubusercontent.com/iki1uc/BOOM/main/Q/th%20-%202026-07-20T001121.533.webp"
"Q","th - 2026-07-20T001126.336.webp","webp","https://raw.githubusercontent.com/iki1uc/BOOM/main/Q/th%20-%202026-07-20T001126.336.webp"
"Q","th - 2026-07-20T001135.442.webp","webp","https://raw.githubusercontent.com/iki1uc/BOOM/main/Q/th%20-%202026-07-20T001135.442.webp"
"Q","th - 2026-07-20T001138.587.webp","webp","https://raw.githubusercontent.com/iki1uc/BOOM/main/Q/th%20-%202026-07-20T001138.587.webp"
"Q","th - 2026-07-20T001147.083.webp","webp","https://raw.githubusercontent.com/iki1uc/BOOM/main/Q/th%20-%202026-07-20T001147.083.webp"
"Q","th - 2026-07-20T001150.123.webp","webp","https://raw.githubusercontent.com/iki1uc/BOOM/main/Q/th%20-%202026-07-20T001150.123.webp"
"Q","th - 2026-07-20T001152.998.webp","webp","https://raw.githubusercontent.com/iki1uc/BOOM/main/Q/th%20-%202026-07-20T001152.998.webp"
"Q","th - 2026-07-20T051310.210.webp","webp","https://raw.githubusercontent.com/iki1uc/BOOM/main/Q/th%20-%202026-07-20T051310.210.webp"
"Q","th - 2026-07-20T051314.647.webp","webp","https://raw.githubusercontent.com/iki1uc/BOOM/main/Q/th%20-%202026-07-20T051314.647.webp"
"Q","th - 2026-07-20T051317.963.webp","webp","https://raw.githubusercontent.com/iki1uc/BOOM/main/Q/th%20-%202026-07-20T051317.963.webp"
"Q","th - 2026-07-20T051320.845.webp","webp","https://raw.githubusercontent.com/iki1uc/BOOM/main/Q/th%20-%202026-07-20T051320.845.webp"
"Q","th - 2026-07-20T053445.194.webp","webp","https://raw.githubusercontent.com/iki1uc/BOOM/main/Q/th%20-%202026-07-20T053445.194.webp"
"Q","th - 2026-07-20T053448.476.webp","webp","https://raw.githubusercontent.com/iki1uc/BOOM/main/Q/th%20-%202026-07-20T053448.476.webp"
"Q","th - 2026-07-20T053451.544.webp","webp","https://raw.githubusercontent.com/iki1uc/BOOM/main/Q/th%20-%202026-07-20T053451.544.webp"
"Q","th - 2026-07-20T053454.655.webp","webp","https://raw.githubusercontent.com/iki1uc/BOOM/main/Q/th%20-%202026-07-20T053454.655.webp"
"Q","th - 2026-07-21T033653.738.webp","webp","https://raw.githubusercontent.com/iki1uc/BOOM/main/Q/th%20-%202026-07-21T033653.738.webp"
"Q","th - 2026-07-21T033657.413.webp","webp","https://raw.githubusercontent.com/iki1uc/BOOM/main/Q/th%20-%202026-07-21T033657.413.webp"
"Q","th - 2026-07-21T033700.627.webp","webp","https://raw.githubusercontent.com/iki1uc/BOOM/main/Q/th%20-%202026-07-21T033700.627.webp"
"Q","th - 2026-07-21T033704.194.webp","webp","https://raw.githubusercontent.com/iki1uc/BOOM/main/Q/th%20-%202026-07-21T033704.194.webp"
"Q","th - 2026-07-21T033709.996.webp","webp","https://raw.githubusercontent.com/iki1uc/BOOM/main/Q/th%20-%202026-07-21T033709.996.webp"
"Q","th - 2026-07-21T033718.431.webp","webp","https://raw.githubusercontent.com/iki1uc/BOOM/main/Q/th%20-%202026-07-21T033718.431.webp"
"Q","th - 2026-07-21T033725.211.webp","webp","https://raw.githubusercontent.com/iki1uc/BOOM/main/Q/th%20-%202026-07-21T033725.211.webp"
"Q","th - 2026-07-21T033728.857.webp","webp","https://raw.githubusercontent.com/iki1uc/BOOM/main/Q/th%20-%202026-07-21T033728.857.webp"
"Q","th - 2026-07-21T033838.160.webp","webp","https://raw.githubusercontent.com/iki1uc/BOOM/main/Q/th%20-%202026-07-21T033838.160.webp"
"Q","th - 2026-07-21T035727.540.webp","webp","https://raw.githubusercontent.com/iki1uc/BOOM/main/Q/th%20-%202026-07-21T035727.540.webp"
"Q","th - 2026-07-21T035731.451.webp","webp","https://raw.githubusercontent.com/iki1uc/BOOM/main/Q/th%20-%202026-07-21T035731.451.webp"
"Q","th - 2026-07-21T035734.398.webp","webp","https://raw.githubusercontent.com/iki1uc/BOOM/main/Q/th%20-%202026-07-21T035734.398.webp"
"Q","th - 2026-07-21T035737.788.webp","webp","https://raw.githubusercontent.com/iki1uc/BOOM/main/Q/th%20-%202026-07-21T035737.788.webp"
"Q","th - 2026-07-21T035751.027.webp","webp","https://raw.githubusercontent.com/iki1uc/BOOM/main/Q/th%20-%202026-07-21T035751.027.webp"
"Q","th - 2026-07-21T035754.064.webp","webp","https://raw.githubusercontent.com/iki1uc/BOOM/main/Q/th%20-%202026-07-21T035754.064.webp"
"Q","th - 2026-07-21T035757.422.webp","webp","https://raw.githubusercontent.com/iki1uc/BOOM/main/Q/th%20-%202026-07-21T035757.422.webp"
"Q","th - 2026-07-21T035800.271.webp","webp","https://raw.githubusercontent.com/iki1uc/BOOM/main/Q/th%20-%202026-07-21T035800.271.webp"
"Q","th - 2026-07-21T035808.737.webp","webp","https://raw.githubusercontent.com/iki1uc/BOOM/main/Q/th%20-%202026-07-21T035808.737.webp"
"Q","th - 2026-07-21T035811.754.webp","webp","https://raw.githubusercontent.com/iki1uc/BOOM/main/Q/th%20-%202026-07-21T035811.754.webp"
"Q","th - 2026-07-21T035815.216.webp","webp","https://raw.githubusercontent.com/iki1uc/BOOM/main/Q/th%20-%202026-07-21T035815.216.webp"
"Q","th - 2026-07-21T035905.525.webp","webp","https://raw.githubusercontent.com/iki1uc/BOOM/main/Q/th%20-%202026-07-21T035905.525.webp"
"Q","th - 2026-07-21T035908.707.webp","webp","https://raw.githubusercontent.com/iki1uc/BOOM/main/Q/th%20-%202026-07-21T035908.707.webp"
"Q","th - 2026-07-21T035912.063.webp","webp","https://raw.githubusercontent.com/iki1uc/BOOM/main/Q/th%20-%202026-07-21T035912.063.webp"
"Q","th - 2026-07-21T035914.979.webp","webp","https://raw.githubusercontent.com/iki1uc/BOOM/main/Q/th%20-%202026-07-21T035914.979.webp"
"Q","th - 2026-07-21T035919.749.webp","webp","https://raw.githubusercontent.com/iki1uc/BOOM/main/Q/th%20-%202026-07-21T035919.749.webp"
"Q","th - 2026-07-21T035922.911.webp","webp","https://raw.githubusercontent.com/iki1uc/BOOM/main/Q/th%20-%202026-07-21T035922.911.webp"
"Q","th - 2026-07-21T035925.819.webp","webp","https://raw.githubusercontent.com/iki1uc/BOOM/main/Q/th%20-%202026-07-21T035925.819.webp"
"Q","th - 2026-07-21T035928.353.webp","webp","https://raw.githubusercontent.com/iki1uc/BOOM/main/Q/th%20-%202026-07-21T035928.353.webp"
"Q","th - 2026-07-21T035933.491.webp","webp","https://raw.githubusercontent.com/iki1uc/BOOM/main/Q/th%20-%202026-07-21T035933.491.webp"
"Q","th - 2026-07-21T035938.472.webp","webp","https://raw.githubusercontent.com/iki1uc/BOOM/main/Q/th%20-%202026-07-21T035938.472.webp"
"Q","th - 2026-07-21T035942.100.webp","webp","https://raw.githubusercontent.com/iki1uc/BOOM/main/Q/th%20-%202026-07-21T035942.100.webp"
"Q","th - 2026-07-21T035944.936.webp","webp","https://raw.githubusercontent.com/iki1uc/BOOM/main/Q/th%20-%202026-07-21T035944.936.webp"
"Q","th - 2026-07-21T035947.319.webp","webp","https://raw.githubusercontent.com/iki1uc/BOOM/main/Q/th%20-%202026-07-21T035947.319.webp"
"Q","th - 2026-07-21T035951.121.webp","webp","https://raw.githubusercontent.com/iki1uc/BOOM/main/Q/th%20-%202026-07-21T035951.121.webp"
"Q","th - 2026-07-21T035954.421.webp","webp","https://raw.githubusercontent.com/iki1uc/BOOM/main/Q/th%20-%202026-07-21T035954.421.webp"
"Q","th - 2026-07-21T040001.772.webp","webp","https://raw.githubusercontent.com/iki1uc/BOOM/main/Q/th%20-%202026-07-21T040001.772.webp"
"Q","th - 2026-07-21T040004.506.webp","webp","https://raw.githubusercontent.com/iki1uc/BOOM/main/Q/th%20-%202026-07-21T040004.506.webp"
"Q","th - 2026-07-21T040014.788.webp","webp","https://raw.githubusercontent.com/iki1uc/BOOM/main/Q/th%20-%202026-07-21T040014.788.webp"
"Q","th - 2026-07-21T051348.488.webp","webp","https://raw.githubusercontent.com/iki1uc/BOOM/main/Q/th%20-%202026-07-21T051348.488.webp"
"Q","th - 2026-07-21T051351.538.webp","webp","https://raw.githubusercontent.com/iki1uc/BOOM/main/Q/th%20-%202026-07-21T051351.538.webp"
"Q","th - 2026-07-21T051354.986.webp","webp","https://raw.githubusercontent.com/iki1uc/BOOM/main/Q/th%20-%202026-07-21T051354.986.webp"
"Q","th - 2026-07-21T132545.806.webp","webp","https://raw.githubusercontent.com/iki1uc/BOOM/main/Q/th%20-%202026-07-21T132545.806.webp"
"Q","th - 2026-07-21T132551.365.webp","webp","https://raw.githubusercontent.com/iki1uc/BOOM/main/Q/th%20-%202026-07-21T132551.365.webp"
"Q","th - 2026-07-21T132554.780.webp","webp","https://raw.githubusercontent.com/iki1uc/BOOM/main/Q/th%20-%202026-07-21T132554.780.webp"
"Q","th - 2026-07-21T132601.684.webp","webp","https://raw.githubusercontent.com/iki1uc/BOOM/main/Q/th%20-%202026-07-21T132601.684.webp"
"Q","th - 2026-07-21T132604.584.webp","webp","https://raw.githubusercontent.com/iki1uc/BOOM/main/Q/th%20-%202026-07-21T132604.584.webp"
"Q","th - 2026-07-22T042215.657.webp","webp","https://raw.githubusercontent.com/iki1uc/BOOM/main/Q/th%20-%202026-07-22T042215.657.webp"
"Q","th - 2026-07-22T042219.512.webp","webp","https://raw.githubusercontent.com/iki1uc/BOOM/main/Q/th%20-%202026-07-22T042219.512.webp"
"Q","th - 2026-07-22T042223.152.webp","webp","https://raw.githubusercontent.com/iki1uc/BOOM/main/Q/th%20-%202026-07-22T042223.152.webp"
"Q","th - 2026-07-22T042226.843.webp","webp","https://raw.githubusercontent.com/iki1uc/BOOM/main/Q/th%20-%202026-07-22T042226.843.webp"
"Q","th - 2026-07-22T054106.846.webp","webp","https://raw.githubusercontent.com/iki1uc/BOOM/main/Q/th%20-%202026-07-22T054106.846.webp"
"Q","th - 2026-07-22T054110.225.webp","webp","https://raw.githubusercontent.com/iki1uc/BOOM/main/Q/th%20-%202026-07-22T054110.225.webp"
"Q","th - 2026-07-22T054115.764.webp","webp","https://raw.githubusercontent.com/iki1uc/BOOM/main/Q/th%20-%202026-07-22T054115.764.webp"
"Q","th - 2026-07-22T054119.414.webp","webp","https://raw.githubusercontent.com/iki1uc/BOOM/main/Q/th%20-%202026-07-22T054119.414.webp"
"Q","th - 2026-07-22T054124.331.webp","webp","https://raw.githubusercontent.com/iki1uc/BOOM/main/Q/th%20-%202026-07-22T054124.331.webp"
"Q","th - 2026-07-22T054127.185.webp","webp","https://raw.githubusercontent.com/iki1uc/BOOM/main/Q/th%20-%202026-07-22T054127.185.webp"
"Q","th - 2026-07-22T054133.372.webp","webp","https://raw.githubusercontent.com/iki1uc/BOOM/main/Q/th%20-%202026-07-22T054133.372.webp"
"Q","th - 2026-07-22T054138.156.webp","webp","https://raw.githubusercontent.com/iki1uc/BOOM/main/Q/th%20-%202026-07-22T054138.156.webp"
"Q","th - 2026-07-22T054143.879.webp","webp","https://raw.githubusercontent.com/iki1uc/BOOM/main/Q/th%20-%202026-07-22T054143.879.webp"
"Q","th - 2026-07-22T054147.797.webp","webp","https://raw.githubusercontent.com/iki1uc/BOOM/main/Q/th%20-%202026-07-22T054147.797.webp"
"Q","th - 2026-07-23T034238.904.webp","webp","https://raw.githubusercontent.com/iki1uc/BOOM/main/Q/th%20-%202026-07-23T034238.904.webp"
"Q","th - 2026-07-23T034243.560.webp","webp","https://raw.githubusercontent.com/iki1uc/BOOM/main/Q/th%20-%202026-07-23T034243.560.webp"
"Q","th - 2026-07-23T034247.414.webp","webp","https://raw.githubusercontent.com/iki1uc/BOOM/main/Q/th%20-%202026-07-23T034247.414.webp"
"Q","th - 2026-07-23T034250.697.webp","webp","https://raw.githubusercontent.com/iki1uc/BOOM/main/Q/th%20-%202026-07-23T034250.697.webp"
"Q","th - 2026-07-27T114847.151.webp","webp","https://raw.githubusercontent.com/iki1uc/BOOM/main/Q/th%20-%202026-07-27T114847.151.webp"
"Q","th - 2026-07-27T114854.545.webp","webp","https://raw.githubusercontent.com/iki1uc/BOOM/main/Q/th%20-%202026-07-27T114854.545.webp"
"Q","th - 2026-07-27T114857.631.webp","webp","https://raw.githubusercontent.com/iki1uc/BOOM/main/Q/th%20-%202026-07-27T114857.631.webp"
"R","r.md","md","https://raw.githubusercontent.com/iki1uc/BOOM/main/R/r.md"
"R","th - 2026-07-14T055707.346.webp","webp","https://raw.githubusercontent.com/iki1uc/BOOM/main/R/th%20-%202026-07-14T055707.346.webp"
"R","th - 2026-07-14T055710.520.webp","webp","https://raw.githubusercontent.com/iki1uc/BOOM/main/R/th%20-%202026-07-14T055710.520.webp"
"R","th - 2026-07-14T055734.063.webp","webp","https://raw.githubusercontent.com/iki1uc/BOOM/main/R/th%20-%202026-07-14T055734.063.webp"
"R","th - 2026-07-14T055737.354.webp","webp","https://raw.githubusercontent.com/iki1uc/BOOM/main/R/th%20-%202026-07-14T055737.354.webp"
"R","th - 2026-07-14T055740.385.webp","webp","https://raw.githubusercontent.com/iki1uc/BOOM/main/R/th%20-%202026-07-14T055740.385.webp"
"R","th - 2026-07-14T055743.338.webp","webp","https://raw.githubusercontent.com/iki1uc/BOOM/main/R/th%20-%202026-07-14T055743.338.webp"
"R","th - 2026-07-14T055805.799.webp","webp","https://raw.githubusercontent.com/iki1uc/BOOM/main/R/th%20-%202026-07-14T055805.799.webp"
"R","th - 2026-07-14T055809.583.webp","webp","https://raw.githubusercontent.com/iki1uc/BOOM/main/R/th%20-%202026-07-14T055809.583.webp"
"R","th - 2026-07-14T055814.106.webp","webp","https://raw.githubusercontent.com/iki1uc/BOOM/main/R/th%20-%202026-07-14T055814.106.webp"
"R","th - 2026-07-14T055817.649.webp","webp","https://raw.githubusercontent.com/iki1uc/BOOM/main/R/th%20-%202026-07-14T055817.649.webp"
"R","th - 2026-07-14T055822.586.webp","webp","https://raw.githubusercontent.com/iki1uc/BOOM/main/R/th%20-%202026-07-14T055822.586.webp"
"R","th - 2026-07-14T061539.123.webp","webp","https://raw.githubusercontent.com/iki1uc/BOOM/main/R/th%20-%202026-07-14T061539.123.webp"
"R","th - 2026-07-14T061542.777.webp","webp","https://raw.githubusercontent.com/iki1uc/BOOM/main/R/th%20-%202026-07-14T061542.777.webp"
"R","th - 2026-07-14T061546.330.webp","webp","https://raw.githubusercontent.com/iki1uc/BOOM/main/R/th%20-%202026-07-14T061546.330.webp"
"R","th - 2026-07-14T061549.980.webp","webp","https://raw.githubusercontent.com/iki1uc/BOOM/main/R/th%20-%202026-07-14T061549.980.webp"
"R","th - 2026-07-14T061626.639.webp","webp","https://raw.githubusercontent.com/iki1uc/BOOM/main/R/th%20-%202026-07-14T061626.639.webp"
"R","th - 2026-07-14T061630.095.webp","webp","https://raw.githubusercontent.com/iki1uc/BOOM/main/R/th%20-%202026-07-14T061630.095.webp"
"R","th - 2026-07-14T061633.106.webp","webp","https://raw.githubusercontent.com/iki1uc/BOOM/main/R/th%20-%202026-07-14T061633.106.webp"
"R","th - 2026-07-14T061636.803.webp","webp","https://raw.githubusercontent.com/iki1uc/BOOM/main/R/th%20-%202026-07-14T061636.803.webp"
"R","th - 2026-07-14T061709.800.webp","webp","https://raw.githubusercontent.com/iki1uc/BOOM/main/R/th%20-%202026-07-14T061709.800.webp"
"R","th - 2026-07-14T061713.453.webp","webp","https://raw.githubusercontent.com/iki1uc/BOOM/main/R/th%20-%202026-07-14T061713.453.webp"
"R","th - 2026-07-14T061721.494.webp","webp","https://raw.githubusercontent.com/iki1uc/BOOM/main/R/th%20-%202026-07-14T061721.494.webp"
"R","th - 2026-07-14T061743.333.webp","webp","https://raw.githubusercontent.com/iki1uc/BOOM/main/R/th%20-%202026-07-14T061743.333.webp"
"R","th - 2026-07-14T061746.589.webp","webp","https://raw.githubusercontent.com/iki1uc/BOOM/main/R/th%20-%202026-07-14T061746.589.webp"
"R","th - 2026-07-14T061750.000.webp","webp","https://raw.githubusercontent.com/iki1uc/BOOM/main/R/th%20-%202026-07-14T061750.000.webp"
"R","th - 2026-07-14T061753.444.webp","webp","https://raw.githubusercontent.com/iki1uc/BOOM/main/R/th%20-%202026-07-14T061753.444.webp"
"R","th - 2026-07-14T090156.140.webp","webp","https://raw.githubusercontent.com/iki1uc/BOOM/main/R/th%20-%202026-07-14T090156.140.webp"
"R","th - 2026-07-14T090200.130.webp","webp","https://raw.githubusercontent.com/iki1uc/BOOM/main/R/th%20-%202026-07-14T090200.130.webp"
"R","th - 2026-07-14T090203.475.webp","webp","https://raw.githubusercontent.com/iki1uc/BOOM/main/R/th%20-%202026-07-14T090203.475.webp"
"R","th - 2026-07-14T090207.086.webp","webp","https://raw.githubusercontent.com/iki1uc/BOOM/main/R/th%20-%202026-07-14T090207.086.webp"
"R","th - 2026-07-14T090354.020.webp","webp","https://raw.githubusercontent.com/iki1uc/BOOM/main/R/th%20-%202026-07-14T090354.020.webp"
"R","th - 2026-07-14T090357.077.webp","webp","https://raw.githubusercontent.com/iki1uc/BOOM/main/R/th%20-%202026-07-14T090357.077.webp"
"R","th - 2026-07-14T090359.866.webp","webp","https://raw.githubusercontent.com/iki1uc/BOOM/main/R/th%20-%202026-07-14T090359.866.webp"
"R","th - 2026-07-14T090404.123.webp","webp","https://raw.githubusercontent.com/iki1uc/BOOM/main/R/th%20-%202026-07-14T090404.123.webp"
"R","th - 2026-07-14T113637.135.webp","webp","https://raw.githubusercontent.com/iki1uc/BOOM/main/R/th%20-%202026-07-14T113637.135.webp"
"R","th - 2026-07-14T113640.652.webp","webp","https://raw.githubusercontent.com/iki1uc/BOOM/main/R/th%20-%202026-07-14T113640.652.webp"
"R","th - 2026-07-14T113643.516.webp","webp","https://raw.githubusercontent.com/iki1uc/BOOM/main/R/th%20-%202026-07-14T113643.516.webp"
"R","th - 2026-07-14T113646.600.webp","webp","https://raw.githubusercontent.com/iki1uc/BOOM/main/R/th%20-%202026-07-14T113646.600.webp"
"R","th - 2026-07-14T130620.042.webp","webp","https://raw.githubusercontent.com/iki1uc/BOOM/main/R/th%20-%202026-07-14T130620.042.webp"
"R","th - 2026-07-14T130623.780.webp","webp","https://raw.githubusercontent.com/iki1uc/BOOM/main/R/th%20-%202026-07-14T130623.780.webp"
"R","th - 2026-07-14T130626.815.webp","webp","https://raw.githubusercontent.com/iki1uc/BOOM/main/R/th%20-%202026-07-14T130626.815.webp"
"R","th - 2026-07-14T130629.792.webp","webp","https://raw.githubusercontent.com/iki1uc/BOOM/main/R/th%20-%202026-07-14T130629.792.webp"
"R","th - 2026-07-14T130634.021.webp","webp","https://raw.githubusercontent.com/iki1uc/BOOM/main/R/th%20-%202026-07-14T130634.021.webp"
"R","th - 2026-07-14T130637.590.webp","webp","https://raw.githubusercontent.com/iki1uc/BOOM/main/R/th%20-%202026-07-14T130637.590.webp"
"R","th - 2026-07-14T130640.962.webp","webp","https://raw.githubusercontent.com/iki1uc/BOOM/main/R/th%20-%202026-07-14T130640.962.webp"
"R","th - 2026-07-14T130644.469.webp","webp","https://raw.githubusercontent.com/iki1uc/BOOM/main/R/th%20-%202026-07-14T130644.469.webp"
"R","th - 2026-07-14T232814.967.webp","webp","https://raw.githubusercontent.com/iki1uc/BOOM/main/R/th%20-%202026-07-14T232814.967.webp"
"R","th - 2026-07-16T125522.304.webp","webp","https://raw.githubusercontent.com/iki1uc/BOOM/main/R/th%20-%202026-07-16T125522.304.webp"
"R","th - 2026-07-16T125525.835.webp","webp","https://raw.githubusercontent.com/iki1uc/BOOM/main/R/th%20-%202026-07-16T125525.835.webp"
"R","th - 2026-07-16T125704.591.webp","webp","https://raw.githubusercontent.com/iki1uc/BOOM/main/R/th%20-%202026-07-16T125704.591.webp"
"R","th - 2026-07-16T125708.449.webp","webp","https://raw.githubusercontent.com/iki1uc/BOOM/main/R/th%20-%202026-07-16T125708.449.webp"
"R","th - 2026-07-16T125712.234.webp","webp","https://raw.githubusercontent.com/iki1uc/BOOM/main/R/th%20-%202026-07-16T125712.234.webp"
"R","th - 2026-07-16T125733.175.webp","webp","https://raw.githubusercontent.com/iki1uc/BOOM/main/R/th%20-%202026-07-16T125733.175.webp"
"R","th - 2026-07-16T125736.692.webp","webp","https://raw.githubusercontent.com/iki1uc/BOOM/main/R/th%20-%202026-07-16T125736.692.webp"
"R","th - 2026-07-16T125740.499.webp","webp","https://raw.githubusercontent.com/iki1uc/BOOM/main/R/th%20-%202026-07-16T125740.499.webp"
"R","th - 2026-07-16T125812.463.webp","webp","https://raw.githubusercontent.com/iki1uc/BOOM/main/R/th%20-%202026-07-16T125812.463.webp"
"R","th - 2026-07-16T125815.998.webp","webp","https://raw.githubusercontent.com/iki1uc/BOOM/main/R/th%20-%202026-07-16T125815.998.webp"
"R","th - 2026-07-16T125819.269.webp","webp","https://raw.githubusercontent.com/iki1uc/BOOM/main/R/th%20-%202026-07-16T125819.269.webp"
"R","th - 2026-07-16T125823.909.webp","webp","https://raw.githubusercontent.com/iki1uc/BOOM/main/R/th%20-%202026-07-16T125823.909.webp"
"R","th - 2026-07-16T125827.439.webp","webp","https://raw.githubusercontent.com/iki1uc/BOOM/main/R/th%20-%202026-07-16T125827.439.webp"
"R","th - 2026-07-16T130038.209.webp","webp","https://raw.githubusercontent.com/iki1uc/BOOM/main/R/th%20-%202026-07-16T130038.209.webp"
"R","th - 2026-07-16T130044.080.webp","webp","https://raw.githubusercontent.com/iki1uc/BOOM/main/R/th%20-%202026-07-16T130044.080.webp"
"R","th - 2026-07-16T130050.490.webp","webp","https://raw.githubusercontent.com/iki1uc/BOOM/main/R/th%20-%202026-07-16T130050.490.webp"
"R","th - 2026-07-16T130530.182.webp","webp","https://raw.githubusercontent.com/iki1uc/BOOM/main/R/th%20-%202026-07-16T130530.182.webp"
"R","th - 2026-07-16T130533.933.webp","webp","https://raw.githubusercontent.com/iki1uc/BOOM/main/R/th%20-%202026-07-16T130533.933.webp"
"R","th - 2026-07-16T131008.186.webp","webp","https://raw.githubusercontent.com/iki1uc/BOOM/main/R/th%20-%202026-07-16T131008.186.webp"
"R","th - 2026-07-16T131012.680.webp","webp","https://raw.githubusercontent.com/iki1uc/BOOM/main/R/th%20-%202026-07-16T131012.680.webp"
"R","th - 2026-07-16T131015.946.webp","webp","https://raw.githubusercontent.com/iki1uc/BOOM/main/R/th%20-%202026-07-16T131015.946.webp"
"R","th - 2026-07-16T131019.666.webp","webp","https://raw.githubusercontent.com/iki1uc/BOOM/main/R/th%20-%202026-07-16T131019.666.webp"
"R","th - 2026-07-16T131024.778.webp","webp","https://raw.githubusercontent.com/iki1uc/BOOM/main/R/th%20-%202026-07-16T131024.778.webp"
"R","th - 2026-07-16T131217.760.webp","webp","https://raw.githubusercontent.com/iki1uc/BOOM/main/R/th%20-%202026-07-16T131217.760.webp"
"R","th - 2026-07-16T131221.531.webp","webp","https://raw.githubusercontent.com/iki1uc/BOOM/main/R/th%20-%202026-07-16T131221.531.webp"
"R","th - 2026-07-16T131224.576.webp","webp","https://raw.githubusercontent.com/iki1uc/BOOM/main/R/th%20-%202026-07-16T131224.576.webp"
"R","th - 2026-07-16T131231.824.webp","webp","https://raw.githubusercontent.com/iki1uc/BOOM/main/R/th%20-%202026-07-16T131231.824.webp"
"R","th - 2026-07-16T131238.503.webp","webp","https://raw.githubusercontent.com/iki1uc/BOOM/main/R/th%20-%202026-07-16T131238.503.webp"
"R","th - 2026-07-16T131424.433.webp","webp","https://raw.githubusercontent.com/iki1uc/BOOM/main/R/th%20-%202026-07-16T131424.433.webp"
"R","th - 2026-07-16T131427.684.webp","webp","https://raw.githubusercontent.com/iki1uc/BOOM/main/R/th%20-%202026-07-16T131427.684.webp"
"R","th - 2026-07-16T132736.997.webp","webp","https://raw.githubusercontent.com/iki1uc/BOOM/main/R/th%20-%202026-07-16T132736.997.webp"
"R","th - 2026-07-16T132741.917.webp","webp","https://raw.githubusercontent.com/iki1uc/BOOM/main/R/th%20-%202026-07-16T132741.917.webp"
"R","th - 2026-07-16T132745.703.webp","webp","https://raw.githubusercontent.com/iki1uc/BOOM/main/R/th%20-%202026-07-16T132745.703.webp"
"R","th - 2026-07-16T132749.179.webp","webp","https://raw.githubusercontent.com/iki1uc/BOOM/main/R/th%20-%202026-07-16T132749.179.webp"
"R","th - 2026-07-16T132753.707.webp","webp","https://raw.githubusercontent.com/iki1uc/BOOM/main/R/th%20-%202026-07-16T132753.707.webp"
"R","th - 2026-07-16T132803.997.webp","webp","https://raw.githubusercontent.com/iki1uc/BOOM/main/R/th%20-%202026-07-16T132803.997.webp"
"R","th - 2026-07-16T132807.786.webp","webp","https://raw.githubusercontent.com/iki1uc/BOOM/main/R/th%20-%202026-07-16T132807.786.webp"
"S","s.md","md","https://raw.githubusercontent.com/iki1uc/BOOM/main/S/s.md"
"S","th - 2026-07-11T011844.030.webp","webp","https://raw.githubusercontent.com/iki1uc/BOOM/main/S/th%20-%202026-07-11T011844.030.webp"
"S","th - 2026-07-11T011846.866.webp","webp","https://raw.githubusercontent.com/iki1uc/BOOM/main/S/th%20-%202026-07-11T011846.866.webp"
"S","th - 2026-07-11T011850.308.webp","webp","https://raw.githubusercontent.com/iki1uc/BOOM/main/S/th%20-%202026-07-11T011850.308.webp"
"S","th - 2026-07-11T011853.362.webp","webp","https://raw.githubusercontent.com/iki1uc/BOOM/main/S/th%20-%202026-07-11T011853.362.webp"
"S","th - 2026-07-11T011856.620.webp","webp","https://raw.githubusercontent.com/iki1uc/BOOM/main/S/th%20-%202026-07-11T011856.620.webp"
"S","th - 2026-07-11T011859.419.webp","webp","https://raw.githubusercontent.com/iki1uc/BOOM/main/S/th%20-%202026-07-11T011859.419.webp"
"S","th - 2026-07-11T012027.865.webp","webp","https://raw.githubusercontent.com/iki1uc/BOOM/main/S/th%20-%202026-07-11T012027.865.webp"
"S","th - 2026-07-11T012031.179.webp","webp","https://raw.githubusercontent.com/iki1uc/BOOM/main/S/th%20-%202026-07-11T012031.179.webp"
"S","th - 2026-07-11T012034.472.webp","webp","https://raw.githubusercontent.com/iki1uc/BOOM/main/S/th%20-%202026-07-11T012034.472.webp"
"S","th - 2026-07-11T012037.924.webp","webp","https://raw.githubusercontent.com/iki1uc/BOOM/main/S/th%20-%202026-07-11T012037.924.webp"
"S","th - 2026-07-11T012044.807.webp","webp","https://raw.githubusercontent.com/iki1uc/BOOM/main/S/th%20-%202026-07-11T012044.807.webp"
"S","th - 2026-07-11T012047.664.webp","webp","https://raw.githubusercontent.com/iki1uc/BOOM/main/S/th%20-%202026-07-11T012047.664.webp"
"S","th - 2026-07-11T012050.480.webp","webp","https://raw.githubusercontent.com/iki1uc/BOOM/main/S/th%20-%202026-07-11T012050.480.webp"
"S","th - 2026-07-11T012053.572.webp","webp","https://raw.githubusercontent.com/iki1uc/BOOM/main/S/th%20-%202026-07-11T012053.572.webp"
"S","th - 2026-07-11T012057.471.webp","webp","https://raw.githubusercontent.com/iki1uc/BOOM/main/S/th%20-%202026-07-11T012057.471.webp"
"S","th - 2026-07-11T012100.776.webp","webp","https://raw.githubusercontent.com/iki1uc/BOOM/main/S/th%20-%202026-07-11T012100.776.webp"
"S","th - 2026-07-11T012103.790.webp","webp","https://raw.githubusercontent.com/iki1uc/BOOM/main/S/th%20-%202026-07-11T012103.790.webp"
"S","th - 2026-07-11T012106.844.webp","webp","https://raw.githubusercontent.com/iki1uc/BOOM/main/S/th%20-%202026-07-11T012106.844.webp"
"S","th - 2026-07-11T012322.913.webp","webp","https://raw.githubusercontent.com/iki1uc/BOOM/main/S/th%20-%202026-07-11T012322.913.webp"
"S","th - 2026-07-11T012327.304.webp","webp","https://raw.githubusercontent.com/iki1uc/BOOM/main/S/th%20-%202026-07-11T012327.304.webp"
"S","th - 2026-07-11T012331.361.webp","webp","https://raw.githubusercontent.com/iki1uc/BOOM/main/S/th%20-%202026-07-11T012331.361.webp"
"S","th - 2026-07-11T012334.516.webp","webp","https://raw.githubusercontent.com/iki1uc/BOOM/main/S/th%20-%202026-07-11T012334.516.webp"
"S","th - 2026-07-11T012342.098.webp","webp","https://raw.githubusercontent.com/iki1uc/BOOM/main/S/th%20-%202026-07-11T012342.098.webp"
"S","th - 2026-07-11T012345.367.webp","webp","https://raw.githubusercontent.com/iki1uc/BOOM/main/S/th%20-%202026-07-11T012345.367.webp"
"S","th - 2026-07-11T012348.259.webp","webp","https://raw.githubusercontent.com/iki1uc/BOOM/main/S/th%20-%202026-07-11T012348.259.webp"
"S","th - 2026-07-11T012351.302.webp","webp","https://raw.githubusercontent.com/iki1uc/BOOM/main/S/th%20-%202026-07-11T012351.302.webp"
"S","th - 2026-07-11T020715.381.webp","webp","https://raw.githubusercontent.com/iki1uc/BOOM/main/S/th%20-%202026-07-11T020715.381.webp"
"S","th - 2026-07-11T020722.862.webp","webp","https://raw.githubusercontent.com/iki1uc/BOOM/main/S/th%20-%202026-07-11T020722.862.webp"
"S","th - 2026-07-11T020726.535.webp","webp","https://raw.githubusercontent.com/iki1uc/BOOM/main/S/th%20-%202026-07-11T020726.535.webp"
"S","th - 2026-07-11T021557.724.webp","webp","https://raw.githubusercontent.com/iki1uc/BOOM/main/S/th%20-%202026-07-11T021557.724.webp"
"S","th - 2026-07-11T021601.279.webp","webp","https://raw.githubusercontent.com/iki1uc/BOOM/main/S/th%20-%202026-07-11T021601.279.webp"
"S","th - 2026-07-11T021604.957.webp","webp","https://raw.githubusercontent.com/iki1uc/BOOM/main/S/th%20-%202026-07-11T021604.957.webp"
"S","th - 2026-07-11T021611.329.webp","webp","https://raw.githubusercontent.com/iki1uc/BOOM/main/S/th%20-%202026-07-11T021611.329.webp"
"S","th - 2026-07-11T021614.837.webp","webp","https://raw.githubusercontent.com/iki1uc/BOOM/main/S/th%20-%202026-07-11T021614.837.webp"
"S","th - 2026-07-11T021618.035.webp","webp","https://raw.githubusercontent.com/iki1uc/BOOM/main/S/th%20-%202026-07-11T021618.035.webp"
"S","th - 2026-07-11T021621.407.webp","webp","https://raw.githubusercontent.com/iki1uc/BOOM/main/S/th%20-%202026-07-11T021621.407.webp"
"S","th - 2026-07-11T021847.086.webp","webp","https://raw.githubusercontent.com/iki1uc/BOOM/main/S/th%20-%202026-07-11T021847.086.webp"
"S","th - 2026-07-11T021850.204.webp","webp","https://raw.githubusercontent.com/iki1uc/BOOM/main/S/th%20-%202026-07-11T021850.204.webp"
"S","th - 2026-07-11T021858.372.webp","webp","https://raw.githubusercontent.com/iki1uc/BOOM/main/S/th%20-%202026-07-11T021858.372.webp"
"S","th - 2026-07-11T021902.069.webp","webp","https://raw.githubusercontent.com/iki1uc/BOOM/main/S/th%20-%202026-07-11T021902.069.webp"
"S","th - 2026-07-11T021904.957.webp","webp","https://raw.githubusercontent.com/iki1uc/BOOM/main/S/th%20-%202026-07-11T021904.957.webp"
"S","th - 2026-07-11T045412.473.webp","webp","https://raw.githubusercontent.com/iki1uc/BOOM/main/S/th%20-%202026-07-11T045412.473.webp"
"S","th - 2026-07-11T045415.367.webp","webp","https://raw.githubusercontent.com/iki1uc/BOOM/main/S/th%20-%202026-07-11T045415.367.webp"
"S","th - 2026-07-11T045419.778.webp","webp","https://raw.githubusercontent.com/iki1uc/BOOM/main/S/th%20-%202026-07-11T045419.778.webp"
"S","th - 2026-07-11T210109.966.webp","webp","https://raw.githubusercontent.com/iki1uc/BOOM/main/S/th%20-%202026-07-11T210109.966.webp"
"S","th - 2026-07-11T210113.599.webp","webp","https://raw.githubusercontent.com/iki1uc/BOOM/main/S/th%20-%202026-07-11T210113.599.webp"
"S","th - 2026-07-11T210117.279.webp","webp","https://raw.githubusercontent.com/iki1uc/BOOM/main/S/th%20-%202026-07-11T210117.279.webp"
"S","th - 2026-07-11T210120.754.webp","webp","https://raw.githubusercontent.com/iki1uc/BOOM/main/S/th%20-%202026-07-11T210120.754.webp"
"S","th - 2026-07-11T210129.878.webp","webp","https://raw.githubusercontent.com/iki1uc/BOOM/main/S/th%20-%202026-07-11T210129.878.webp"
"S","th - 2026-07-11T210132.963.webp","webp","https://raw.githubusercontent.com/iki1uc/BOOM/main/S/th%20-%202026-07-11T210132.963.webp"
"S","th - 2026-07-11T210135.768.webp","webp","https://raw.githubusercontent.com/iki1uc/BOOM/main/S/th%20-%202026-07-11T210135.768.webp"
"S","th - 2026-07-11T210138.728.webp","webp","https://raw.githubusercontent.com/iki1uc/BOOM/main/S/th%20-%202026-07-11T210138.728.webp"
"S","th - 2026-07-11T210146.095.webp","webp","https://raw.githubusercontent.com/iki1uc/BOOM/main/S/th%20-%202026-07-11T210146.095.webp"
"S","th - 2026-07-11T210149.705.webp","webp","https://raw.githubusercontent.com/iki1uc/BOOM/main/S/th%20-%202026-07-11T210149.705.webp"
"S","th - 2026-07-11T210153.134.webp","webp","https://raw.githubusercontent.com/iki1uc/BOOM/main/S/th%20-%202026-07-11T210153.134.webp"
"S","th - 2026-07-11T210156.138.webp","webp","https://raw.githubusercontent.com/iki1uc/BOOM/main/S/th%20-%202026-07-11T210156.138.webp"
"S","th - 2026-07-11T210204.910.webp","webp","https://raw.githubusercontent.com/iki1uc/BOOM/main/S/th%20-%202026-07-11T210204.910.webp"
"S","th - 2026-07-11T210207.857.webp","webp","https://raw.githubusercontent.com/iki1uc/BOOM/main/S/th%20-%202026-07-11T210207.857.webp"
"S","th - 2026-07-11T210212.785.webp","webp","https://raw.githubusercontent.com/iki1uc/BOOM/main/S/th%20-%202026-07-11T210212.785.webp"
"S","th - 2026-07-11T210216.759.webp","webp","https://raw.githubusercontent.com/iki1uc/BOOM/main/S/th%20-%202026-07-11T210216.759.webp"
"S","th - 2026-07-12T034559.757.webp","webp","https://raw.githubusercontent.com/iki1uc/BOOM/main/S/th%20-%202026-07-12T034559.757.webp"
"S","th - 2026-07-12T034605.547.webp","webp","https://raw.githubusercontent.com/iki1uc/BOOM/main/S/th%20-%202026-07-12T034605.547.webp"
"S","th - 2026-07-12T034609.808.webp","webp","https://raw.githubusercontent.com/iki1uc/BOOM/main/S/th%20-%202026-07-12T034609.808.webp"
"S","th - 2026-07-12T063950.547.webp","webp","https://raw.githubusercontent.com/iki1uc/BOOM/main/S/th%20-%202026-07-12T063950.547.webp"
"S","th - 2026-07-12T063956.984.webp","webp","https://raw.githubusercontent.com/iki1uc/BOOM/main/S/th%20-%202026-07-12T063956.984.webp"
"S","th - 2026-07-12T064000.225.webp","webp","https://raw.githubusercontent.com/iki1uc/BOOM/main/S/th%20-%202026-07-12T064000.225.webp"
"S","th - 2026-07-12T104900.465.webp","webp","https://raw.githubusercontent.com/iki1uc/BOOM/main/S/th%20-%202026-07-12T104900.465.webp"
"S","th - 2026-07-12T104904.439.webp","webp","https://raw.githubusercontent.com/iki1uc/BOOM/main/S/th%20-%202026-07-12T104904.439.webp"
"S","th - 2026-07-12T104910.777.webp","webp","https://raw.githubusercontent.com/iki1uc/BOOM/main/S/th%20-%202026-07-12T104910.777.webp"
"S","th - 2026-07-12T104914.494.webp","webp","https://raw.githubusercontent.com/iki1uc/BOOM/main/S/th%20-%202026-07-12T104914.494.webp"
"S","th - 2026-07-12T104917.929.webp","webp","https://raw.githubusercontent.com/iki1uc/BOOM/main/S/th%20-%202026-07-12T104917.929.webp"
"S","th - 2026-07-12T104921.214.webp","webp","https://raw.githubusercontent.com/iki1uc/BOOM/main/S/th%20-%202026-07-12T104921.214.webp"
"S","th - 2026-07-12T104925.973.webp","webp","https://raw.githubusercontent.com/iki1uc/BOOM/main/S/th%20-%202026-07-12T104925.973.webp"
"S","th - 2026-07-12T104929.150.webp","webp","https://raw.githubusercontent.com/iki1uc/BOOM/main/S/th%20-%202026-07-12T104929.150.webp"
"S","th - 2026-07-12T104933.098.webp","webp","https://raw.githubusercontent.com/iki1uc/BOOM/main/S/th%20-%202026-07-12T104933.098.webp"
"S","th - 2026-07-12T104936.214.webp","webp","https://raw.githubusercontent.com/iki1uc/BOOM/main/S/th%20-%202026-07-12T104936.214.webp"
"S","th - 2026-07-13T214046.072.webp","webp","https://raw.githubusercontent.com/iki1uc/BOOM/main/S/th%20-%202026-07-13T214046.072.webp"
"S","th - 2026-07-13T214050.050.webp","webp","https://raw.githubusercontent.com/iki1uc/BOOM/main/S/th%20-%202026-07-13T214050.050.webp"
"S","th - 2026-07-14T055620.090.webp","webp","https://raw.githubusercontent.com/iki1uc/BOOM/main/S/th%20-%202026-07-14T055620.090.webp"
"S","th - 2026-07-14T055623.927.webp","webp","https://raw.githubusercontent.com/iki1uc/BOOM/main/S/th%20-%202026-07-14T055623.927.webp"
"S","th - 2026-07-14T055627.995.webp","webp","https://raw.githubusercontent.com/iki1uc/BOOM/main/S/th%20-%202026-07-14T055627.995.webp"
"S","th - 2026-07-14T055630.924.webp","webp","https://raw.githubusercontent.com/iki1uc/BOOM/main/S/th%20-%202026-07-14T055630.924.webp"
"S","th - 2026-07-14T055659.537.webp","webp","https://raw.githubusercontent.com/iki1uc/BOOM/main/S/th%20-%202026-07-14T055659.537.webp"
"S","th - 2026-07-14T055703.782.webp","webp","https://raw.githubusercontent.com/iki1uc/BOOM/main/S/th%20-%202026-07-14T055703.782.webp"
"SEND","EFFECT.js","js","https://raw.githubusercontent.com/iki1uc/BOOM/main/SEND/EFFECT.js"
"SEND","GEO.js","js","https://raw.githubusercontent.com/iki1uc/BOOM/main/SEND/GEO.js"
"SEND","README.md","md","https://raw.githubusercontent.com/iki1uc/BOOM/main/SEND/README.md"
"SEND","SEND.core.js","js","https://raw.githubusercontent.com/iki1uc/BOOM/main/SEND/SEND.core.js"
"SEND","SEND.pipe.js","js","https://raw.githubusercontent.com/iki1uc/BOOM/main/SEND/SEND.pipe.js"
"SEND","SEND.push.js","js","https://raw.githubusercontent.com/iki1uc/BOOM/main/SEND/SEND.push.js"
"SEND","SEND.result.json","json","https://raw.githubusercontent.com/iki1uc/BOOM/main/SEND/SEND.result.json"
"SEND","SEND.state.js","js","https://raw.githubusercontent.com/iki1uc/BOOM/main/SEND/SEND.state.js"
"SEND","eng.js","js","https://raw.githubusercontent.com/iki1uc/BOOM/main/SEND/eng.js"
"SEND","id.html","html","https://raw.githubusercontent.com/iki1uc/BOOM/main/SEND/id.html"
"SEND","index.html","html","https://raw.githubusercontent.com/iki1uc/BOOM/main/SEND/index.html"
"U","th - 2026-07-03T221459.841.webp","webp","https://raw.githubusercontent.com/iki1uc/BOOM/main/U/th%20-%202026-07-03T221459.841.webp"
"U","th - 2026-07-03T221502.591.webp","webp","https://raw.githubusercontent.com/iki1uc/BOOM/main/U/th%20-%202026-07-03T221502.591.webp"
"U","th - 2026-07-03T221505.993.webp","webp","https://raw.githubusercontent.com/iki1uc/BOOM/main/U/th%20-%202026-07-03T221505.993.webp"
"U","th - 2026-07-03T221509.090.webp","webp","https://raw.githubusercontent.com/iki1uc/BOOM/main/U/th%20-%202026-07-03T221509.090.webp"
"U","th - 2026-07-03T221518.411.webp","webp","https://raw.githubusercontent.com/iki1uc/BOOM/main/U/th%20-%202026-07-03T221518.411.webp"
"U","th - 2026-07-03T221521.719.webp","webp","https://raw.githubusercontent.com/iki1uc/BOOM/main/U/th%20-%202026-07-03T221521.719.webp"
"U","th - 2026-07-04T232225.537.webp","webp","https://raw.githubusercontent.com/iki1uc/BOOM/main/U/th%20-%202026-07-04T232225.537.webp"
"U","th - 2026-07-04T232230.132.webp","webp","https://raw.githubusercontent.com/iki1uc/BOOM/main/U/th%20-%202026-07-04T232230.132.webp"
"U","th - 2026-07-04T232241.641.webp","webp","https://raw.githubusercontent.com/iki1uc/BOOM/main/U/th%20-%202026-07-04T232241.641.webp"
"U","th - 2026-07-04T232311.520.webp","webp","https://raw.githubusercontent.com/iki1uc/BOOM/main/U/th%20-%202026-07-04T232311.520.webp"
"U","th - 2026-07-04T234635.086.webp","webp","https://raw.githubusercontent.com/iki1uc/BOOM/main/U/th%20-%202026-07-04T234635.086.webp"
"U","th - 2026-07-04T234638.441.webp","webp","https://raw.githubusercontent.com/iki1uc/BOOM/main/U/th%20-%202026-07-04T234638.441.webp"
"U","th - 2026-07-04T234641.404.webp","webp","https://raw.githubusercontent.com/iki1uc/BOOM/main/U/th%20-%202026-07-04T234641.404.webp"
"U","th - 2026-07-05T083231.410.webp","webp","https://raw.githubusercontent.com/iki1uc/BOOM/main/U/th%20-%202026-07-05T083231.410.webp"
"U","th - 2026-07-05T093744.554.webp","webp","https://raw.githubusercontent.com/iki1uc/BOOM/main/U/th%20-%202026-07-05T093744.554.webp"
"U","th - 2026-07-05T093816.984.webp","webp","https://raw.githubusercontent.com/iki1uc/BOOM/main/U/th%20-%202026-07-05T093816.984.webp"
"U","th - 2026-07-05T093820.831.webp","webp","https://raw.githubusercontent.com/iki1uc/BOOM/main/U/th%20-%202026-07-05T093820.831.webp"
"U","th - 2026-07-05T093823.915.webp","webp","https://raw.githubusercontent.com/iki1uc/BOOM/main/U/th%20-%202026-07-05T093823.915.webp"
"U","th - 2026-07-06T193457.108.webp","webp","https://raw.githubusercontent.com/iki1uc/BOOM/main/U/th%20-%202026-07-06T193457.108.webp"
"U","th - 2026-07-06T193500.516.webp","webp","https://raw.githubusercontent.com/iki1uc/BOOM/main/U/th%20-%202026-07-06T193500.516.webp"
"U","th - 2026-07-06T193503.837.webp","webp","https://raw.githubusercontent.com/iki1uc/BOOM/main/U/th%20-%202026-07-06T193503.837.webp"
"U","th - 2026-07-09T082453.693.webp","webp","https://raw.githubusercontent.com/iki1uc/BOOM/main/U/th%20-%202026-07-09T082453.693.webp"
"U","th - 2026-07-09T082457.067.webp","webp","https://raw.githubusercontent.com/iki1uc/BOOM/main/U/th%20-%202026-07-09T082457.067.webp"
"U","th - 2026-07-09T082500.094.webp","webp","https://raw.githubusercontent.com/iki1uc/BOOM/main/U/th%20-%202026-07-09T082500.094.webp"
"U","th - 2026-07-09T082503.099.webp","webp","https://raw.githubusercontent.com/iki1uc/BOOM/main/U/th%20-%202026-07-09T082503.099.webp"
"U","th - 2026-07-09T083101.945.webp","webp","https://raw.githubusercontent.com/iki1uc/BOOM/main/U/th%20-%202026-07-09T083101.945.webp"
"U","th - 2026-07-09T083105.240.webp","webp","https://raw.githubusercontent.com/iki1uc/BOOM/main/U/th%20-%202026-07-09T083105.240.webp"
"U","th - 2026-07-09T083108.477.webp","webp","https://raw.githubusercontent.com/iki1uc/BOOM/main/U/th%20-%202026-07-09T083108.477.webp"
"U","th - 2026-07-09T083111.748.webp","webp","https://raw.githubusercontent.com/iki1uc/BOOM/main/U/th%20-%202026-07-09T083111.748.webp"
"U","th - 2026-07-10T175601.454.webp","webp","https://raw.githubusercontent.com/iki1uc/BOOM/main/U/th%20-%202026-07-10T175601.454.webp"
"U","th - 2026-07-10T175604.768.webp","webp","https://raw.githubusercontent.com/iki1uc/BOOM/main/U/th%20-%202026-07-10T175604.768.webp"
"U","th - 2026-07-10T175607.862.webp","webp","https://raw.githubusercontent.com/iki1uc/BOOM/main/U/th%20-%202026-07-10T175607.862.webp"
"U","th - 2026-07-10T175610.620.webp","webp","https://raw.githubusercontent.com/iki1uc/BOOM/main/U/th%20-%202026-07-10T175610.620.webp"
"U","th - 2026-07-10T180231.050.webp","webp","https://raw.githubusercontent.com/iki1uc/BOOM/main/U/th%20-%202026-07-10T180231.050.webp"
"U","th - 2026-07-10T180233.990.webp","webp","https://raw.githubusercontent.com/iki1uc/BOOM/main/U/th%20-%202026-07-10T180233.990.webp"
"U","th - 2026-07-10T180423.720.webp","webp","https://raw.githubusercontent.com/iki1uc/BOOM/main/U/th%20-%202026-07-10T180423.720.webp"
"U","th - 2026-07-10T180426.675.webp","webp","https://raw.githubusercontent.com/iki1uc/BOOM/main/U/th%20-%202026-07-10T180426.675.webp"
"U","th - 2026-07-10T180429.538.webp","webp","https://raw.githubusercontent.com/iki1uc/BOOM/main/U/th%20-%202026-07-10T180429.538.webp"
"U","th - 2026-07-10T180432.436.webp","webp","https://raw.githubusercontent.com/iki1uc/BOOM/main/U/th%20-%202026-07-10T180432.436.webp"
"U","th - 2026-07-10T181213.712.webp","webp","https://raw.githubusercontent.com/iki1uc/BOOM/main/U/th%20-%202026-07-10T181213.712.webp"
"U","th - 2026-07-10T181217.901.webp","webp","https://raw.githubusercontent.com/iki1uc/BOOM/main/U/th%20-%202026-07-10T181217.901.webp"
"U","th - 2026-07-10T181220.837.webp","webp","https://raw.githubusercontent.com/iki1uc/BOOM/main/U/th%20-%202026-07-10T181220.837.webp"
"U","th - 2026-07-10T181223.945.webp","webp","https://raw.githubusercontent.com/iki1uc/BOOM/main/U/th%20-%202026-07-10T181223.945.webp"
"U","th - 2026-07-10T181326.874.webp","webp","https://raw.githubusercontent.com/iki1uc/BOOM/main/U/th%20-%202026-07-10T181326.874.webp"
"U","th - 2026-07-10T181329.884.webp","webp","https://raw.githubusercontent.com/iki1uc/BOOM/main/U/th%20-%202026-07-10T181329.884.webp"
"U","th - 2026-07-10T181332.474.webp","webp","https://raw.githubusercontent.com/iki1uc/BOOM/main/U/th%20-%202026-07-10T181332.474.webp"
"U","th - 2026-07-11T003905.887.webp","webp","https://raw.githubusercontent.com/iki1uc/BOOM/main/U/th%20-%202026-07-11T003905.887.webp"
"U","th - 2026-07-11T003909.391.webp","webp","https://raw.githubusercontent.com/iki1uc/BOOM/main/U/th%20-%202026-07-11T003909.391.webp"
"U","th - 2026-07-11T003912.162.webp","webp","https://raw.githubusercontent.com/iki1uc/BOOM/main/U/th%20-%202026-07-11T003912.162.webp"
"U","th - 2026-07-11T003915.173.webp","webp","https://raw.githubusercontent.com/iki1uc/BOOM/main/U/th%20-%202026-07-11T003915.173.webp"
"U","th - 2026-07-11T003919.688.webp","webp","https://raw.githubusercontent.com/iki1uc/BOOM/main/U/th%20-%202026-07-11T003919.688.webp"
"U","th - 2026-07-11T003923.201.webp","webp","https://raw.githubusercontent.com/iki1uc/BOOM/main/U/th%20-%202026-07-11T003923.201.webp"
"U","th - 2026-07-11T003926.195.webp","webp","https://raw.githubusercontent.com/iki1uc/BOOM/main/U/th%20-%202026-07-11T003926.195.webp"
"U","th - 2026-07-11T003929.076.webp","webp","https://raw.githubusercontent.com/iki1uc/BOOM/main/U/th%20-%202026-07-11T003929.076.webp"
"U","th - 2026-07-11T003934.144.webp","webp","https://raw.githubusercontent.com/iki1uc/BOOM/main/U/th%20-%202026-07-11T003934.144.webp"
"U","th - 2026-07-11T003936.760.webp","webp","https://raw.githubusercontent.com/iki1uc/BOOM/main/U/th%20-%202026-07-11T003936.760.webp"
"U","th - 2026-07-11T003939.441.webp","webp","https://raw.githubusercontent.com/iki1uc/BOOM/main/U/th%20-%202026-07-11T003939.441.webp"
"U","th - 2026-07-11T003942.183.webp","webp","https://raw.githubusercontent.com/iki1uc/BOOM/main/U/th%20-%202026-07-11T003942.183.webp"
"U","th - 2026-07-11T004342.934.webp","webp","https://raw.githubusercontent.com/iki1uc/BOOM/main/U/th%20-%202026-07-11T004342.934.webp"
"U","th - 2026-07-11T004346.573.webp","webp","https://raw.githubusercontent.com/iki1uc/BOOM/main/U/th%20-%202026-07-11T004346.573.webp"
"U","th - 2026-07-11T004349.622.webp","webp","https://raw.githubusercontent.com/iki1uc/BOOM/main/U/th%20-%202026-07-11T004349.622.webp"
"U","th - 2026-07-11T004352.842.webp","webp","https://raw.githubusercontent.com/iki1uc/BOOM/main/U/th%20-%202026-07-11T004352.842.webp"
"U","th - 2026-07-11T010050.347.webp","webp","https://raw.githubusercontent.com/iki1uc/BOOM/main/U/th%20-%202026-07-11T010050.347.webp"
"U","th - 2026-07-11T010053.193.webp","webp","https://raw.githubusercontent.com/iki1uc/BOOM/main/U/th%20-%202026-07-11T010053.193.webp"
"U","th - 2026-07-11T010056.020.webp","webp","https://raw.githubusercontent.com/iki1uc/BOOM/main/U/th%20-%202026-07-11T010056.020.webp"
"U","th - 2026-07-11T010059.385.webp","webp","https://raw.githubusercontent.com/iki1uc/BOOM/main/U/th%20-%202026-07-11T010059.385.webp"
"U","th - 2026-07-11T010103.862.webp","webp","https://raw.githubusercontent.com/iki1uc/BOOM/main/U/th%20-%202026-07-11T010103.862.webp"
"U","th - 2026-07-11T010106.596.webp","webp","https://raw.githubusercontent.com/iki1uc/BOOM/main/U/th%20-%202026-07-11T010106.596.webp"
"U","th - 2026-07-11T010108.978.webp","webp","https://raw.githubusercontent.com/iki1uc/BOOM/main/U/th%20-%202026-07-11T010108.978.webp"
"U","th - 2026-07-11T010111.508.webp","webp","https://raw.githubusercontent.com/iki1uc/BOOM/main/U/th%20-%202026-07-11T010111.508.webp"
"U","th - 2026-07-11T010115.455.webp","webp","https://raw.githubusercontent.com/iki1uc/BOOM/main/U/th%20-%202026-07-11T010115.455.webp"
"U","th - 2026-07-11T010117.692.webp","webp","https://raw.githubusercontent.com/iki1uc/BOOM/main/U/th%20-%202026-07-11T010117.692.webp"
"U","th - 2026-07-11T010120.836.webp","webp","https://raw.githubusercontent.com/iki1uc/BOOM/main/U/th%20-%202026-07-11T010120.836.webp"
"U","th - 2026-07-11T010123.695.webp","webp","https://raw.githubusercontent.com/iki1uc/BOOM/main/U/th%20-%202026-07-11T010123.695.webp"
"U","th - 2026-07-11T010127.171.webp","webp","https://raw.githubusercontent.com/iki1uc/BOOM/main/U/th%20-%202026-07-11T010127.171.webp"
"U","th - 2026-07-11T010130.016.webp","webp","https://raw.githubusercontent.com/iki1uc/BOOM/main/U/th%20-%202026-07-11T010130.016.webp"
"U","th - 2026-07-11T010132.703.webp","webp","https://raw.githubusercontent.com/iki1uc/BOOM/main/U/th%20-%202026-07-11T010132.703.webp"
"U","th - 2026-07-11T010136.136.webp","webp","https://raw.githubusercontent.com/iki1uc/BOOM/main/U/th%20-%202026-07-11T010136.136.webp"
"U","th - 2026-07-11T011820.531.webp","webp","https://raw.githubusercontent.com/iki1uc/BOOM/main/U/th%20-%202026-07-11T011820.531.webp"
"U","th - 2026-07-11T011823.719.webp","webp","https://raw.githubusercontent.com/iki1uc/BOOM/main/U/th%20-%202026-07-11T011823.719.webp"
"U","th - 2026-07-11T011827.096.webp","webp","https://raw.githubusercontent.com/iki1uc/BOOM/main/U/th%20-%202026-07-11T011827.096.webp"
"U","th - 2026-07-11T011830.173.webp","webp","https://raw.githubusercontent.com/iki1uc/BOOM/main/U/th%20-%202026-07-11T011830.173.webp"
"U","th - 2026-07-11T011838.572.webp","webp","https://raw.githubusercontent.com/iki1uc/BOOM/main/U/th%20-%202026-07-11T011838.572.webp"
"U","th - 2026-07-11T011841.421.webp","webp","https://raw.githubusercontent.com/iki1uc/BOOM/main/U/th%20-%202026-07-11T011841.421.webp"
"U","u.md","md","https://raw.githubusercontent.com/iki1uc/BOOM/main/U/u.md"
"W","os-eclipses-solares-totais-ajudam-nos-a-medir-a-historia-antiga-como-astroarqueologia-1710805321604_1024.webp","webp","https://raw.githubusercontent.com/iki1uc/BOOM/main/W/os-eclipses-solares-totais-ajudam-nos-a-medir-a-historia-antiga-como-astroarqueologia-1710805321604_1024.webp"
"W","th - 2026-07-01T021303.100.webp","webp","https://raw.githubusercontent.com/iki1uc/BOOM/main/W/th%20-%202026-07-01T021303.100.webp"
"W","th - 2026-07-01T021308.067.webp","webp","https://raw.githubusercontent.com/iki1uc/BOOM/main/W/th%20-%202026-07-01T021308.067.webp"
"W","th - 2026-07-01T021312.095.webp","webp","https://raw.githubusercontent.com/iki1uc/BOOM/main/W/th%20-%202026-07-01T021312.095.webp"
"W","th - 2026-07-01T021555.008.webp","webp","https://raw.githubusercontent.com/iki1uc/BOOM/main/W/th%20-%202026-07-01T021555.008.webp"
"W","th - 2026-07-01T021558.544.webp","webp","https://raw.githubusercontent.com/iki1uc/BOOM/main/W/th%20-%202026-07-01T021558.544.webp"
"W","th - 2026-07-01T021749.011.webp","webp","https://raw.githubusercontent.com/iki1uc/BOOM/main/W/th%20-%202026-07-01T021749.011.webp"
"W","th - 2026-07-01T021752.866.webp","webp","https://raw.githubusercontent.com/iki1uc/BOOM/main/W/th%20-%202026-07-01T021752.866.webp"
"W","th - 2026-07-01T021757.230.webp","webp","https://raw.githubusercontent.com/iki1uc/BOOM/main/W/th%20-%202026-07-01T021757.230.webp"
"W","th - 2026-07-01T021802.297.webp","webp","https://raw.githubusercontent.com/iki1uc/BOOM/main/W/th%20-%202026-07-01T021802.297.webp"
"W","th - 2026-07-01T021806.329.webp","webp","https://raw.githubusercontent.com/iki1uc/BOOM/main/W/th%20-%202026-07-01T021806.329.webp"
"W","th - 2026-07-01T021816.677.webp","webp","https://raw.githubusercontent.com/iki1uc/BOOM/main/W/th%20-%202026-07-01T021816.677.webp"
"W","th - 2026-07-01T021823.650.webp","webp","https://raw.githubusercontent.com/iki1uc/BOOM/main/W/th%20-%202026-07-01T021823.650.webp"
"W","th - 2026-07-01T021827.545.webp","webp","https://raw.githubusercontent.com/iki1uc/BOOM/main/W/th%20-%202026-07-01T021827.545.webp"
"W","th - 2026-07-01T021831.302.webp","webp","https://raw.githubusercontent.com/iki1uc/BOOM/main/W/th%20-%202026-07-01T021831.302.webp"
"W","th - 2026-07-01T021848.115.webp","webp","https://raw.githubusercontent.com/iki1uc/BOOM/main/W/th%20-%202026-07-01T021848.115.webp"
"W","th - 2026-07-01T021852.271.webp","webp","https://raw.githubusercontent.com/iki1uc/BOOM/main/W/th%20-%202026-07-01T021852.271.webp"
"W","th - 2026-07-01T021856.991.webp","webp","https://raw.githubusercontent.com/iki1uc/BOOM/main/W/th%20-%202026-07-01T021856.991.webp"
"W","th - 2026-07-01T021901.289.webp","webp","https://raw.githubusercontent.com/iki1uc/BOOM/main/W/th%20-%202026-07-01T021901.289.webp"
"W","th - 2026-07-01T021917.565.webp","webp","https://raw.githubusercontent.com/iki1uc/BOOM/main/W/th%20-%202026-07-01T021917.565.webp"
"W","th - 2026-07-01T021920.434.webp","webp","https://raw.githubusercontent.com/iki1uc/BOOM/main/W/th%20-%202026-07-01T021920.434.webp"
"W","th - 2026-07-01T021925.293.webp","webp","https://raw.githubusercontent.com/iki1uc/BOOM/main/W/th%20-%202026-07-01T021925.293.webp"
"W","th - 2026-07-01T021929.853.webp","webp","https://raw.githubusercontent.com/iki1uc/BOOM/main/W/th%20-%202026-07-01T021929.853.webp"
"W","th - 2026-07-01T023502.719.webp","webp","https://raw.githubusercontent.com/iki1uc/BOOM/main/W/th%20-%202026-07-01T023502.719.webp"
"W","th - 2026-07-01T180039.073.webp","webp","https://raw.githubusercontent.com/iki1uc/BOOM/main/W/th%20-%202026-07-01T180039.073.webp"
"W","th - 2026-07-01T180042.795.webp","webp","https://raw.githubusercontent.com/iki1uc/BOOM/main/W/th%20-%202026-07-01T180042.795.webp"
"W","th - 2026-07-01T180046.449.webp","webp","https://raw.githubusercontent.com/iki1uc/BOOM/main/W/th%20-%202026-07-01T180046.449.webp"
"W","th - 2026-07-01T180050.106.webp","webp","https://raw.githubusercontent.com/iki1uc/BOOM/main/W/th%20-%202026-07-01T180050.106.webp"
"W","th - 2026-07-01T180059.819.webp","webp","https://raw.githubusercontent.com/iki1uc/BOOM/main/W/th%20-%202026-07-01T180059.819.webp"
"W","th - 2026-07-01T180108.059.webp","webp","https://raw.githubusercontent.com/iki1uc/BOOM/main/W/th%20-%202026-07-01T180108.059.webp"
"W","th - 2026-07-01T180310.168.webp","webp","https://raw.githubusercontent.com/iki1uc/BOOM/main/W/th%20-%202026-07-01T180310.168.webp"
"W","th - 2026-07-01T180313.624.webp","webp","https://raw.githubusercontent.com/iki1uc/BOOM/main/W/th%20-%202026-07-01T180313.624.webp"
"W","th - 2026-07-01T182715.019.webp","webp","https://raw.githubusercontent.com/iki1uc/BOOM/main/W/th%20-%202026-07-01T182715.019.webp"
"W","th - 2026-07-01T182719.242.webp","webp","https://raw.githubusercontent.com/iki1uc/BOOM/main/W/th%20-%202026-07-01T182719.242.webp"
"W","th - 2026-07-01T182722.982.webp","webp","https://raw.githubusercontent.com/iki1uc/BOOM/main/W/th%20-%202026-07-01T182722.982.webp"
"W","th - 2026-07-01T182726.137.webp","webp","https://raw.githubusercontent.com/iki1uc/BOOM/main/W/th%20-%202026-07-01T182726.137.webp"
"W","th - 2026-07-01T182731.689.webp","webp","https://raw.githubusercontent.com/iki1uc/BOOM/main/W/th%20-%202026-07-01T182731.689.webp"
"W","th - 2026-07-01T182734.684.webp","webp","https://raw.githubusercontent.com/iki1uc/BOOM/main/W/th%20-%202026-07-01T182734.684.webp"
"W","th - 2026-07-01T182737.614.webp","webp","https://raw.githubusercontent.com/iki1uc/BOOM/main/W/th%20-%202026-07-01T182737.614.webp"
"W","th - 2026-07-01T182741.182.webp","webp","https://raw.githubusercontent.com/iki1uc/BOOM/main/W/th%20-%202026-07-01T182741.182.webp"
"W","th - 2026-07-01T182841.483.webp","webp","https://raw.githubusercontent.com/iki1uc/BOOM/main/W/th%20-%202026-07-01T182841.483.webp"
"W","th - 2026-07-01T182845.015.webp","webp","https://raw.githubusercontent.com/iki1uc/BOOM/main/W/th%20-%202026-07-01T182845.015.webp"
"W","th - 2026-07-01T182848.222.webp","webp","https://raw.githubusercontent.com/iki1uc/BOOM/main/W/th%20-%202026-07-01T182848.222.webp"
"W","th - 2026-07-01T182852.678.webp","webp","https://raw.githubusercontent.com/iki1uc/BOOM/main/W/th%20-%202026-07-01T182852.678.webp"
"W","th - 2026-07-01T182913.560.webp","webp","https://raw.githubusercontent.com/iki1uc/BOOM/main/W/th%20-%202026-07-01T182913.560.webp"
"W","th - 2026-07-01T182916.753.webp","webp","https://raw.githubusercontent.com/iki1uc/BOOM/main/W/th%20-%202026-07-01T182916.753.webp"
"W","th - 2026-07-01T182919.875.webp","webp","https://raw.githubusercontent.com/iki1uc/BOOM/main/W/th%20-%202026-07-01T182919.875.webp"
"W","th - 2026-07-01T182923.149.webp","webp","https://raw.githubusercontent.com/iki1uc/BOOM/main/W/th%20-%202026-07-01T182923.149.webp"
"W","th - 2026-07-01T182931.423.webp","webp","https://raw.githubusercontent.com/iki1uc/BOOM/main/W/th%20-%202026-07-01T182931.423.webp"
"W","th - 2026-07-01T182937.598.webp","webp","https://raw.githubusercontent.com/iki1uc/BOOM/main/W/th%20-%202026-07-01T182937.598.webp"
"W","th - 2026-07-01T182941.846.webp","webp","https://raw.githubusercontent.com/iki1uc/BOOM/main/W/th%20-%202026-07-01T182941.846.webp"
"W","th - 2026-07-01T200209.395.webp","webp","https://raw.githubusercontent.com/iki1uc/BOOM/main/W/th%20-%202026-07-01T200209.395.webp"
"W","th - 2026-07-01T200212.963.webp","webp","https://raw.githubusercontent.com/iki1uc/BOOM/main/W/th%20-%202026-07-01T200212.963.webp"
"W","th - 2026-07-01T200216.182.webp","webp","https://raw.githubusercontent.com/iki1uc/BOOM/main/W/th%20-%202026-07-01T200216.182.webp"
"W","th - 2026-07-01T200219.453.webp","webp","https://raw.githubusercontent.com/iki1uc/BOOM/main/W/th%20-%202026-07-01T200219.453.webp"
"W","th - 2026-07-02T052947.720.webp","webp","https://raw.githubusercontent.com/iki1uc/BOOM/main/W/th%20-%202026-07-02T052947.720.webp"
"W","th - 2026-07-02T052950.886.webp","webp","https://raw.githubusercontent.com/iki1uc/BOOM/main/W/th%20-%202026-07-02T052950.886.webp"
"W","th - 2026-07-02T052954.322.webp","webp","https://raw.githubusercontent.com/iki1uc/BOOM/main/W/th%20-%202026-07-02T052954.322.webp"
"W","th - 2026-07-02T053001.255.webp","webp","https://raw.githubusercontent.com/iki1uc/BOOM/main/W/th%20-%202026-07-02T053001.255.webp"
"W","th - 2026-07-02T054855.617.webp","webp","https://raw.githubusercontent.com/iki1uc/BOOM/main/W/th%20-%202026-07-02T054855.617.webp"
"W","th - 2026-07-02T054900.346.webp","webp","https://raw.githubusercontent.com/iki1uc/BOOM/main/W/th%20-%202026-07-02T054900.346.webp"
"W","th - 2026-07-02T054904.026.webp","webp","https://raw.githubusercontent.com/iki1uc/BOOM/main/W/th%20-%202026-07-02T054904.026.webp"
"W","th - 2026-07-02T054907.583.webp","webp","https://raw.githubusercontent.com/iki1uc/BOOM/main/W/th%20-%202026-07-02T054907.583.webp"
"W","th - 2026-07-02T211708.396.webp","webp","https://raw.githubusercontent.com/iki1uc/BOOM/main/W/th%20-%202026-07-02T211708.396.webp"
"W","th - 2026-07-02T211712.828.webp","webp","https://raw.githubusercontent.com/iki1uc/BOOM/main/W/th%20-%202026-07-02T211712.828.webp"
"W","th - 2026-07-02T211717.633.webp","webp","https://raw.githubusercontent.com/iki1uc/BOOM/main/W/th%20-%202026-07-02T211717.633.webp"
"W","th - 2026-07-02T211722.582.webp","webp","https://raw.githubusercontent.com/iki1uc/BOOM/main/W/th%20-%202026-07-02T211722.582.webp"
"W","th - 2026-07-02T212325.711.webp","webp","https://raw.githubusercontent.com/iki1uc/BOOM/main/W/th%20-%202026-07-02T212325.711.webp"
"W","th - 2026-07-02T212335.540.webp","webp","https://raw.githubusercontent.com/iki1uc/BOOM/main/W/th%20-%202026-07-02T212335.540.webp"
"W","th - 2026-07-02T234804.559.webp","webp","https://raw.githubusercontent.com/iki1uc/BOOM/main/W/th%20-%202026-07-02T234804.559.webp"
"W","th - 2026-07-02T234808.011.webp","webp","https://raw.githubusercontent.com/iki1uc/BOOM/main/W/th%20-%202026-07-02T234808.011.webp"
"W","th - 2026-07-03T043538.046.webp","webp","https://raw.githubusercontent.com/iki1uc/BOOM/main/W/th%20-%202026-07-03T043538.046.webp"
"W","th - 2026-07-03T043541.690.webp","webp","https://raw.githubusercontent.com/iki1uc/BOOM/main/W/th%20-%202026-07-03T043541.690.webp"
"W","th - 2026-07-03T043557.949.webp","webp","https://raw.githubusercontent.com/iki1uc/BOOM/main/W/th%20-%202026-07-03T043557.949.webp"
"W","th - 2026-07-03T174407.860.webp","webp","https://raw.githubusercontent.com/iki1uc/BOOM/main/W/th%20-%202026-07-03T174407.860.webp"
"W","th - 2026-07-03T174410.850.webp","webp","https://raw.githubusercontent.com/iki1uc/BOOM/main/W/th%20-%202026-07-03T174410.850.webp"
"W","th - 2026-07-03T174450.703.webp","webp","https://raw.githubusercontent.com/iki1uc/BOOM/main/W/th%20-%202026-07-03T174450.703.webp"
"W","th - 2026-07-03T174455.298.webp","webp","https://raw.githubusercontent.com/iki1uc/BOOM/main/W/th%20-%202026-07-03T174455.298.webp"
"W","th - 2026-07-03T174458.963.webp","webp","https://raw.githubusercontent.com/iki1uc/BOOM/main/W/th%20-%202026-07-03T174458.963.webp"
"W","th - 2026-07-03T174503.300.webp","webp","https://raw.githubusercontent.com/iki1uc/BOOM/main/W/th%20-%202026-07-03T174503.300.webp"
"W","th - 2026-07-03T174518.271.webp","webp","https://raw.githubusercontent.com/iki1uc/BOOM/main/W/th%20-%202026-07-03T174518.271.webp"
"W","th - 2026-07-03T221424.798.webp","webp","https://raw.githubusercontent.com/iki1uc/BOOM/main/W/th%20-%202026-07-03T221424.798.webp"
"W","th - 2026-07-03T221447.523.webp","webp","https://raw.githubusercontent.com/iki1uc/BOOM/main/W/th%20-%202026-07-03T221447.523.webp"
"W","th - 2026-07-03T221451.568.webp","webp","https://raw.githubusercontent.com/iki1uc/BOOM/main/W/th%20-%202026-07-03T221451.568.webp"
"W","w.md","md","https://raw.githubusercontent.com/iki1uc/BOOM/main/W/w.md"
"XI","XI.md","md","https://raw.githubusercontent.com/iki1uc/BOOM/main/XI/XI.md"
"Y","Total-Lunar-Eclipse-Blood-Moon-1772088213805.webp","webp","https://raw.githubusercontent.com/iki1uc/BOOM/main/Y/Total-Lunar-Eclipse-Blood-Moon-1772088213805.webp"
"Y","th (100).webp","webp","https://raw.githubusercontent.com/iki1uc/BOOM/main/Y/th%20(100).webp"
"Y","th (19).webp","webp","https://raw.githubusercontent.com/iki1uc/BOOM/main/Y/th%20(19).webp"
"Y","th (20).webp","webp","https://raw.githubusercontent.com/iki1uc/BOOM/main/Y/th%20(20).webp"
"Y","th (21).webp","webp","https://raw.githubusercontent.com/iki1uc/BOOM/main/Y/th%20(21).webp"
"Y","th (22).webp","webp","https://raw.githubusercontent.com/iki1uc/BOOM/main/Y/th%20(22).webp"
"Y","th (23).webp","webp","https://raw.githubusercontent.com/iki1uc/BOOM/main/Y/th%20(23).webp"
"Y","th (24).webp","webp","https://raw.githubusercontent.com/iki1uc/BOOM/main/Y/th%20(24).webp"
"Y","th (25).webp","webp","https://raw.githubusercontent.com/iki1uc/BOOM/main/Y/th%20(25).webp"
"Y","th (26).webp","webp","https://raw.githubusercontent.com/iki1uc/BOOM/main/Y/th%20(26).webp"
"Y","th (27).webp","webp","https://raw.githubusercontent.com/iki1uc/BOOM/main/Y/th%20(27).webp"
"Y","th (28).webp","webp","https://raw.githubusercontent.com/iki1uc/BOOM/main/Y/th%20(28).webp"
"Y","th (29).webp","webp","https://raw.githubusercontent.com/iki1uc/BOOM/main/Y/th%20(29).webp"
"Y","th (30).webp","webp","https://raw.githubusercontent.com/iki1uc/BOOM/main/Y/th%20(30).webp"
"Y","th (31).webp","webp","https://raw.githubusercontent.com/iki1uc/BOOM/main/Y/th%20(31).webp"
"Y","th (32).webp","webp","https://raw.githubusercontent.com/iki1uc/BOOM/main/Y/th%20(32).webp"
"Y","th (33).webp","webp","https://raw.githubusercontent.com/iki1uc/BOOM/main/Y/th%20(33).webp"
"Y","th (34).webp","webp","https://raw.githubusercontent.com/iki1uc/BOOM/main/Y/th%20(34).webp"
"Y","th (35).webp","webp","https://raw.githubusercontent.com/iki1uc/BOOM/main/Y/th%20(35).webp"
"Y","th (36).webp","webp","https://raw.githubusercontent.com/iki1uc/BOOM/main/Y/th%20(36).webp"
"Y","th (37).webp","webp","https://raw.githubusercontent.com/iki1uc/BOOM/main/Y/th%20(37).webp"
"Y","th (38).webp","webp","https://raw.githubusercontent.com/iki1uc/BOOM/main/Y/th%20(38).webp"
"Y","th (39).webp","webp","https://raw.githubusercontent.com/iki1uc/BOOM/main/Y/th%20(39).webp"
"Y","th (40).webp","webp","https://raw.githubusercontent.com/iki1uc/BOOM/main/Y/th%20(40).webp"
"Y","th (41).webp","webp","https://raw.githubusercontent.com/iki1uc/BOOM/main/Y/th%20(41).webp"
"Y","th (42).webp","webp","https://raw.githubusercontent.com/iki1uc/BOOM/main/Y/th%20(42).webp"
"Y","th (43).webp","webp","https://raw.githubusercontent.com/iki1uc/BOOM/main/Y/th%20(43).webp"
"Y","th (44).webp","webp","https://raw.githubusercontent.com/iki1uc/BOOM/main/Y/th%20(44).webp"
"Y","th (45).webp","webp","https://raw.githubusercontent.com/iki1uc/BOOM/main/Y/th%20(45).webp"
"Y","th (46).webp","webp","https://raw.githubusercontent.com/iki1uc/BOOM/main/Y/th%20(46).webp"
"Y","th (47).webp","webp","https://raw.githubusercontent.com/iki1uc/BOOM/main/Y/th%20(47).webp"
"Y","th (48).webp","webp","https://raw.githubusercontent.com/iki1uc/BOOM/main/Y/th%20(48).webp"
"Y","th (49).webp","webp","https://raw.githubusercontent.com/iki1uc/BOOM/main/Y/th%20(49).webp"
"Y","th (50).webp","webp","https://raw.githubusercontent.com/iki1uc/BOOM/main/Y/th%20(50).webp"
"Y","th (51).webp","webp","https://raw.githubusercontent.com/iki1uc/BOOM/main/Y/th%20(51).webp"
"Y","th (52).webp","webp","https://raw.githubusercontent.com/iki1uc/BOOM/main/Y/th%20(52).webp"
"Y","th (53).webp","webp","https://raw.githubusercontent.com/iki1uc/BOOM/main/Y/th%20(53).webp"
"Y","th (54).webp","webp","https://raw.githubusercontent.com/iki1uc/BOOM/main/Y/th%20(54).webp"
"Y","th (55).webp","webp","https://raw.githubusercontent.com/iki1uc/BOOM/main/Y/th%20(55).webp"
"Y","th (56).webp","webp","https://raw.githubusercontent.com/iki1uc/BOOM/main/Y/th%20(56).webp"
"Y","th (57).webp","webp","https://raw.githubusercontent.com/iki1uc/BOOM/main/Y/th%20(57).webp"
"Y","th (58).webp","webp","https://raw.githubusercontent.com/iki1uc/BOOM/main/Y/th%20(58).webp"
"Y","th (59).webp","webp","https://raw.githubusercontent.com/iki1uc/BOOM/main/Y/th%20(59).webp"
"Y","th (60).webp","webp","https://raw.githubusercontent.com/iki1uc/BOOM/main/Y/th%20(60).webp"
"Y","th (61).webp","webp","https://raw.githubusercontent.com/iki1uc/BOOM/main/Y/th%20(61).webp"
"Y","th (62).webp","webp","https://raw.githubusercontent.com/iki1uc/BOOM/main/Y/th%20(62).webp"
"Y","th (63).webp","webp","https://raw.githubusercontent.com/iki1uc/BOOM/main/Y/th%20(63).webp"
"Y","th (64).webp","webp","https://raw.githubusercontent.com/iki1uc/BOOM/main/Y/th%20(64).webp"
"Y","th (65).webp","webp","https://raw.githubusercontent.com/iki1uc/BOOM/main/Y/th%20(65).webp"
"Y","th (66).webp","webp","https://raw.githubusercontent.com/iki1uc/BOOM/main/Y/th%20(66).webp"
"Y","th (67).webp","webp","https://raw.githubusercontent.com/iki1uc/BOOM/main/Y/th%20(67).webp"
"Y","th (68).webp","webp","https://raw.githubusercontent.com/iki1uc/BOOM/main/Y/th%20(68).webp"
"Y","th (69).webp","webp","https://raw.githubusercontent.com/iki1uc/BOOM/main/Y/th%20(69).webp"
"Y","th (70).webp","webp","https://raw.githubusercontent.com/iki1uc/BOOM/main/Y/th%20(70).webp"
"Y","th (71).webp","webp","https://raw.githubusercontent.com/iki1uc/BOOM/main/Y/th%20(71).webp"
"Y","th (72).webp","webp","https://raw.githubusercontent.com/iki1uc/BOOM/main/Y/th%20(72).webp"
"Y","th (73).webp","webp","https://raw.githubusercontent.com/iki1uc/BOOM/main/Y/th%20(73).webp"
"Y","th (74).webp","webp","https://raw.githubusercontent.com/iki1uc/BOOM/main/Y/th%20(74).webp"
"Y","th (75).webp","webp","https://raw.githubusercontent.com/iki1uc/BOOM/main/Y/th%20(75).webp"
"Y","th (76).webp","webp","https://raw.githubusercontent.com/iki1uc/BOOM/main/Y/th%20(76).webp"
"Y","th (77).webp","webp","https://raw.githubusercontent.com/iki1uc/BOOM/main/Y/th%20(77).webp"
"Y","th (78).webp","webp","https://raw.githubusercontent.com/iki1uc/BOOM/main/Y/th%20(78).webp"
"Y","th (79).webp","webp","https://raw.githubusercontent.com/iki1uc/BOOM/main/Y/th%20(79).webp"
"Y","th (80).webp","webp","https://raw.githubusercontent.com/iki1uc/BOOM/main/Y/th%20(80).webp"
"Y","th (81).webp","webp","https://raw.githubusercontent.com/iki1uc/BOOM/main/Y/th%20(81).webp"
"Y","th (82).webp","webp","https://raw.githubusercontent.com/iki1uc/BOOM/main/Y/th%20(82).webp"
"Y","th (83).webp","webp","https://raw.githubusercontent.com/iki1uc/BOOM/main/Y/th%20(83).webp"
"Y","th (84).webp","webp","https://raw.githubusercontent.com/iki1uc/BOOM/main/Y/th%20(84).webp"
"Y","th (85).webp","webp","https://raw.githubusercontent.com/iki1uc/BOOM/main/Y/th%20(85).webp"
"Y","th (86).webp","webp","https://raw.githubusercontent.com/iki1uc/BOOM/main/Y/th%20(86).webp"
"Y","th (87).webp","webp","https://raw.githubusercontent.com/iki1uc/BOOM/main/Y/th%20(87).webp"
"Y","th (88).webp","webp","https://raw.githubusercontent.com/iki1uc/BOOM/main/Y/th%20(88).webp"
"Y","th (89).webp","webp","https://raw.githubusercontent.com/iki1uc/BOOM/main/Y/th%20(89).webp"
"Y","th (90).webp","webp","https://raw.githubusercontent.com/iki1uc/BOOM/main/Y/th%20(90).webp"
"Y","th (91).webp","webp","https://raw.githubusercontent.com/iki1uc/BOOM/main/Y/th%20(91).webp"
"Y","th (92).webp","webp","https://raw.githubusercontent.com/iki1uc/BOOM/main/Y/th%20(92).webp"
"Y","th (93).webp","webp","https://raw.githubusercontent.com/iki1uc/BOOM/main/Y/th%20(93).webp"
"Y","th (94).webp","webp","https://raw.githubusercontent.com/iki1uc/BOOM/main/Y/th%20(94).webp"
"Y","th (95).webp","webp","https://raw.githubusercontent.com/iki1uc/BOOM/main/Y/th%20(95).webp"
"Y","th (96).webp","webp","https://raw.githubusercontent.com/iki1uc/BOOM/main/Y/th%20(96).webp"
"Y","th (97).webp","webp","https://raw.githubusercontent.com/iki1uc/BOOM/main/Y/th%20(97).webp"
"Y","th (98).webp","webp","https://raw.githubusercontent.com/iki1uc/BOOM/main/Y/th%20(98).webp"
"Y","th (99).webp","webp","https://raw.githubusercontent.com/iki1uc/BOOM/main/Y/th%20(99).webp"
"Y","th.webp","webp","https://raw.githubusercontent.com/iki1uc/BOOM/main/Y/th.webp"
"Y","y.md","md","https://raw.githubusercontent.com/iki1uc/BOOM/main/Y/y.md"
"Z","th (1).webp","webp","https://raw.githubusercontent.com/iki1uc/BOOM/main/Z/th%20(1).webp"
"Z","th (10).webp","webp","https://raw.githubusercontent.com/iki1uc/BOOM/main/Z/th%20(10).webp"
"Z","th (11).webp","webp","https://raw.githubusercontent.com/iki1uc/BOOM/main/Z/th%20(11).webp"
"Z","th (12).webp","webp","https://raw.githubusercontent.com/iki1uc/BOOM/main/Z/th%20(12).webp"
"Z","th (13).webp","webp","https://raw.githubusercontent.com/iki1uc/BOOM/main/Z/th%20(13).webp"
"Z","th (14).webp","webp","https://raw.githubusercontent.com/iki1uc/BOOM/main/Z/th%20(14).webp"
"Z","th (15).webp","webp","https://raw.githubusercontent.com/iki1uc/BOOM/main/Z/th%20(15).webp"
"Z","th (16).webp","webp","https://raw.githubusercontent.com/iki1uc/BOOM/main/Z/th%20(16).webp"
"Z","th (17).webp","webp","https://raw.githubusercontent.com/iki1uc/BOOM/main/Z/th%20(17).webp"
"Z","th (18).webp","webp","https://raw.githubusercontent.com/iki1uc/BOOM/main/Z/th%20(18).webp"
"Z","th (19).webp","webp","https://raw.githubusercontent.com/iki1uc/BOOM/main/Z/th%20(19).webp"
"Z","th (2).webp","webp","https://raw.githubusercontent.com/iki1uc/BOOM/main/Z/th%20(2).webp"
"Z","th (20).webp","webp","https://raw.githubusercontent.com/iki1uc/BOOM/main/Z/th%20(20).webp"
"Z","th (21).webp","webp","https://raw.githubusercontent.com/iki1uc/BOOM/main/Z/th%20(21).webp"
"Z","th (22).webp","webp","https://raw.githubusercontent.com/iki1uc/BOOM/main/Z/th%20(22).webp"
"Z","th (23).webp","webp","https://raw.githubusercontent.com/iki1uc/BOOM/main/Z/th%20(23).webp"
"Z","th (24).webp","webp","https://raw.githubusercontent.com/iki1uc/BOOM/main/Z/th%20(24).webp"
"Z","th (25).webp","webp","https://raw.githubusercontent.com/iki1uc/BOOM/main/Z/th%20(25).webp"
"Z","th (26).webp","webp","https://raw.githubusercontent.com/iki1uc/BOOM/main/Z/th%20(26).webp"
"Z","th (27).webp","webp","https://raw.githubusercontent.com/iki1uc/BOOM/main/Z/th%20(27).webp"
"Z","th (28).webp","webp","https://raw.githubusercontent.com/iki1uc/BOOM/main/Z/th%20(28).webp"
"Z","th (29).webp","webp","https://raw.githubusercontent.com/iki1uc/BOOM/main/Z/th%20(29).webp"
"Z","th (3).webp","webp","https://raw.githubusercontent.com/iki1uc/BOOM/main/Z/th%20(3).webp"
"Z","th (30).webp","webp","https://raw.githubusercontent.com/iki1uc/BOOM/main/Z/th%20(30).webp"
"Z","th (31).webp","webp","https://raw.githubusercontent.com/iki1uc/BOOM/main/Z/th%20(31).webp"
"Z","th (32).webp","webp","https://raw.githubusercontent.com/iki1uc/BOOM/main/Z/th%20(32).webp"
"Z","th (33).webp","webp","https://raw.githubusercontent.com/iki1uc/BOOM/main/Z/th%20(33).webp"
"Z","th (34).webp","webp","https://raw.githubusercontent.com/iki1uc/BOOM/main/Z/th%20(34).webp"
"Z","th (35).webp","webp","https://raw.githubusercontent.com/iki1uc/BOOM/main/Z/th%20(35).webp"
"Z","th (36).webp","webp","https://raw.githubusercontent.com/iki1uc/BOOM/main/Z/th%20(36).webp"
"Z","th (37).webp","webp","https://raw.githubusercontent.com/iki1uc/BOOM/main/Z/th%20(37).webp"
"Z","th (38).webp","webp","https://raw.githubusercontent.com/iki1uc/BOOM/main/Z/th%20(38).webp"
"Z","th (39).webp","webp","https://raw.githubusercontent.com/iki1uc/BOOM/main/Z/th%20(39).webp"
"Z","th (4).webp","webp","https://raw.githubusercontent.com/iki1uc/BOOM/main/Z/th%20(4).webp"
"Z","th (40).webp","webp","https://raw.githubusercontent.com/iki1uc/BOOM/main/Z/th%20(40).webp"
"Z","th (41).webp","webp","https://raw.githubusercontent.com/iki1uc/BOOM/main/Z/th%20(41).webp"
"Z","th (42).webp","webp","https://raw.githubusercontent.com/iki1uc/BOOM/main/Z/th%20(42).webp"
"Z","th (43).webp","webp","https://raw.githubusercontent.com/iki1uc/BOOM/main/Z/th%20(43).webp"
"Z","th (44).webp","webp","https://raw.githubusercontent.com/iki1uc/BOOM/main/Z/th%20(44).webp"
"Z","th (45).webp","webp","https://raw.githubusercontent.com/iki1uc/BOOM/main/Z/th%20(45).webp"
"Z","th (46).webp","webp","https://raw.githubusercontent.com/iki1uc/BOOM/main/Z/th%20(46).webp"
"Z","th (47).webp","webp","https://raw.githubusercontent.com/iki1uc/BOOM/main/Z/th%20(47).webp"
"Z","th (5).webp","webp","https://raw.githubusercontent.com/iki1uc/BOOM/main/Z/th%20(5).webp"
"Z","th (6).webp","webp","https://raw.githubusercontent.com/iki1uc/BOOM/main/Z/th%20(6).webp"
"Z","th (7).webp","webp","https://raw.githubusercontent.com/iki1uc/BOOM/main/Z/th%20(7).webp"
"Z","th (8).webp","webp","https://raw.githubusercontent.com/iki1uc/BOOM/main/Z/th%20(8).webp"
"Z","th (9).webp","webp","https://raw.githubusercontent.com/iki1uc/BOOM/main/Z/th%20(9).webp"
"Z","th - 2026-07-27T114901.657.webp","webp","https://raw.githubusercontent.com/iki1uc/BOOM/main/Z/th%20-%202026-07-27T114901.657.webp"
"Z","th - 2026-07-27T141652.841.webp","webp","https://raw.githubusercontent.com/iki1uc/BOOM/main/Z/th%20-%202026-07-27T141652.841.webp"
"Z","th - 2026-07-27T141656.839.webp","webp","https://raw.githubusercontent.com/iki1uc/BOOM/main/Z/th%20-%202026-07-27T141656.839.webp"
"Z","th - 2026-07-27T141700.164.webp","webp","https://raw.githubusercontent.com/iki1uc/BOOM/main/Z/th%20-%202026-07-27T141700.164.webp"
"Z","th - 2026-07-27T141702.831.webp","webp","https://raw.githubusercontent.com/iki1uc/BOOM/main/Z/th%20-%202026-07-27T141702.831.webp"
"Z","th - 2026-07-27T141710.824.webp","webp","https://raw.githubusercontent.com/iki1uc/BOOM/main/Z/th%20-%202026-07-27T141710.824.webp"
"Z","th - 2026-07-27T141713.766.webp","webp","https://raw.githubusercontent.com/iki1uc/BOOM/main/Z/th%20-%202026-07-27T141713.766.webp"
"Z","th - 2026-07-27T141716.836.webp","webp","https://raw.githubusercontent.com/iki1uc/BOOM/main/Z/th%20-%202026-07-27T141716.836.webp"
"Z","th - 2026-07-27T141720.389.webp","webp","https://raw.githubusercontent.com/iki1uc/BOOM/main/Z/th%20-%202026-07-27T141720.389.webp"
"Z","th - 2026-07-27T142353.593.webp","webp","https://raw.githubusercontent.com/iki1uc/BOOM/main/Z/th%20-%202026-07-27T142353.593.webp"
"Z","th - 2026-07-27T142357.017.webp","webp","https://raw.githubusercontent.com/iki1uc/BOOM/main/Z/th%20-%202026-07-27T142357.017.webp"
"Z","th - 2026-07-27T142400.527.webp","webp","https://raw.githubusercontent.com/iki1uc/BOOM/main/Z/th%20-%202026-07-27T142400.527.webp"
"Z","th - 2026-07-27T142404.962.webp","webp","https://raw.githubusercontent.com/iki1uc/BOOM/main/Z/th%20-%202026-07-27T142404.962.webp"
"Z","th - 2026-07-27T142407.797.webp","webp","https://raw.githubusercontent.com/iki1uc/BOOM/main/Z/th%20-%202026-07-27T142407.797.webp"
"Z","th - 2026-07-27T142410.850.webp","webp","https://raw.githubusercontent.com/iki1uc/BOOM/main/Z/th%20-%202026-07-27T142410.850.webp"
"Z","th - 2026-07-27T142416.658.webp","webp","https://raw.githubusercontent.com/iki1uc/BOOM/main/Z/th%20-%202026-07-27T142416.658.webp"
"Z","th - 2026-07-27T142528.968.webp","webp","https://raw.githubusercontent.com/iki1uc/BOOM/main/Z/th%20-%202026-07-27T142528.968.webp"
"Z","th - 2026-07-27T142532.617.webp","webp","https://raw.githubusercontent.com/iki1uc/BOOM/main/Z/th%20-%202026-07-27T142532.617.webp"
"Z","th - 2026-07-27T142535.762.webp","webp","https://raw.githubusercontent.com/iki1uc/BOOM/main/Z/th%20-%202026-07-27T142535.762.webp"
"Z","th - 2026-07-27T142538.782.webp","webp","https://raw.githubusercontent.com/iki1uc/BOOM/main/Z/th%20-%202026-07-27T142538.782.webp"
"Z","th - 2026-07-27T142550.827.webp","webp","https://raw.githubusercontent.com/iki1uc/BOOM/main/Z/th%20-%202026-07-27T142550.827.webp"
"Z","th - 2026-07-27T142553.861.webp","webp","https://raw.githubusercontent.com/iki1uc/BOOM/main/Z/th%20-%202026-07-27T142553.861.webp"
"Z","th - 2026-07-29T152247.864.webp","webp","https://raw.githubusercontent.com/iki1uc/BOOM/main/Z/th%20-%202026-07-29T152247.864.webp"
"Z","th - 2026-07-29T152251.340.webp","webp","https://raw.githubusercontent.com/iki1uc/BOOM/main/Z/th%20-%202026-07-29T152251.340.webp"
"Z","th - 2026-07-29T152254.498.webp","webp","https://raw.githubusercontent.com/iki1uc/BOOM/main/Z/th%20-%202026-07-29T152254.498.webp"
"Z","th - 2026-07-29T152257.065.webp","webp","https://raw.githubusercontent.com/iki1uc/BOOM/main/Z/th%20-%202026-07-29T152257.065.webp"
"Z","th - 2026-07-29T152304.198.webp","webp","https://raw.githubusercontent.com/iki1uc/BOOM/main/Z/th%20-%202026-07-29T152304.198.webp"
"Z","th - 2026-07-29T152307.520.webp","webp","https://raw.githubusercontent.com/iki1uc/BOOM/main/Z/th%20-%202026-07-29T152307.520.webp"
"Z","th - 2026-07-29T152310.481.webp","webp","https://raw.githubusercontent.com/iki1uc/BOOM/main/Z/th%20-%202026-07-29T152310.481.webp"
"Z","th - 2026-07-29T152313.031.webp","webp","https://raw.githubusercontent.com/iki1uc/BOOM/main/Z/th%20-%202026-07-29T152313.031.webp"
"Z","th - 2026-07-31T042300.106.webp","webp","https://raw.githubusercontent.com/iki1uc/BOOM/main/Z/th%20-%202026-07-31T042300.106.webp"
"Z","th - 2026-07-31T042303.888.webp","webp","https://raw.githubusercontent.com/iki1uc/BOOM/main/Z/th%20-%202026-07-31T042303.888.webp"
"Z","th - 2026-07-31T042306.926.webp","webp","https://raw.githubusercontent.com/iki1uc/BOOM/main/Z/th%20-%202026-07-31T042306.926.webp"
"Z","th - 2026-07-31T083612.580.webp","webp","https://raw.githubusercontent.com/iki1uc/BOOM/main/Z/th%20-%202026-07-31T083612.580.webp"
"Z","th - 2026-07-31T083615.728.webp","webp","https://raw.githubusercontent.com/iki1uc/BOOM/main/Z/th%20-%202026-07-31T083615.728.webp"
"Z","th - 2026-07-31T083618.517.webp","webp","https://raw.githubusercontent.com/iki1uc/BOOM/main/Z/th%20-%202026-07-31T083618.517.webp"
"Z","th - 2026-07-31T083621.574.webp","webp","https://raw.githubusercontent.com/iki1uc/BOOM/main/Z/th%20-%202026-07-31T083621.574.webp"
"Z","z.md","md","https://raw.githubusercontent.com/iki1uc/BOOM/main/Z/z.md"
"use","ID.html","html","https://raw.githubusercontent.com/iki1uc/BOOM/main/use/ID.html"
"use","README.md","md","https://raw.githubusercontent.com/iki1uc/BOOM/main/use/README.md"
"use","index.html","html","https://raw.githubusercontent.com/iki1uc/BOOM/main/use/index.html"
"use","use_panel.html","html","https://raw.githubusercontent.com/iki1uc/BOOM/main/use/use_panel.html"